"Customer ID","Customer Name","Order ID",OrderSales
CG-12520,"Claire Gute",CA-2016-152156,993.9000000000001
CG-12520,"Claire Gute",CA-2016-152156,993.9000000000001
CG-12520,"Claire Gute",CA-2016-152156,993.9000000000001
SO-20335,"Sean O'Donnell",US-2015-108966,979.9455
SO-20335,"Sean O'Donnell",US-2015-108966,979.9455
SO-20335,"Sean O'Donnell",US-2015-108966,979.9455
SO-20335,"Sean O'Donnell",US-2015-108966,979.9455
SO-20335,"Sean O'Donnell",US-2015-108966,979.9455
SO-20335,"Sean O'Donnell",US-2015-108966,979.9455
BH-11710,"Brosina Hoffman",CA-2014-115812,3714.304
BH-11710,"Brosina Hoffman",CA-2014-115812,3714.304
BH-11710,"Brosina Hoffman",CA-2014-115812,3714.304
BH-11710,"Brosina Hoffman",CA-2014-115812,3714.304
BH-11710,"Brosina Hoffman",CA-2014-115812,3714.304
BH-11710,"Brosina Hoffman",CA-2014-115812,3714.304
BH-11710,"Brosina Hoffman",CA-2014-115812,3714.304
BH-11710,"Brosina Hoffman",CA-2014-115812,3714.304
EB-13870,"Emily Burns",CA-2015-106320,1044.63
EB-13870,"Emily Burns",CA-2015-106320,1044.63
EB-13870,"Emily Burns",CA-2015-106320,1044.63
EB-13870,"Emily Burns",CA-2015-106320,1044.63
EB-13870,"Emily Burns",CA-2015-106320,1044.63
EB-13870,"Emily Burns",CA-2015-106320,1044.63
EB-13870,"Emily Burns",CA-2015-106320,1044.63
EB-13870,"Emily Burns",CA-2015-106320,1044.63
EB-13870,"Emily Burns",CA-2015-106320,1044.63
TB-21520,"Tracy Blumstein",US-2015-150630,3322.576
TB-21520,"Tracy Blumstein",US-2015-150630,3322.576
TB-21520,"Tracy Blumstein",US-2015-150630,3322.576
TB-21520,"Tracy Blumstein",US-2015-150630,3322.576
TB-21520,"Tracy Blumstein",US-2015-150630,3322.576
TB-21520,"Tracy Blumstein",US-2015-150630,3322.576
TB-21520,"Tracy Blumstein",US-2015-150630,3322.576
TB-21520,"Tracy Blumstein",US-2015-150630,3322.576
TB-21520,"Tracy Blumstein",US-2015-150630,3322.576
GH-14485,"Gene Hale",CA-2016-117590,1288.4640000000002
GH-14485,"Gene Hale",CA-2016-117590,1288.4640000000002
SN-20710,"Steve Nguyen",CA-2015-117415,1228.9532
SN-20710,"Steve Nguyen",CA-2015-117415,1228.9532
SN-20710,"Steve Nguyen",CA-2015-117415,1228.9532
SN-20710,"Steve Nguyen",CA-2015-117415,1228.9532
SN-20710,"Steve Nguyen",CA-2015-117415,1228.9532
SN-20710,"Steve Nguyen",CA-2015-117415,1228.9532
JM-15265,"Janet Molinari",CA-2016-105816,1045.21
JM-15265,"Janet Molinari",CA-2016-105816,1045.21
JM-15265,"Janet Molinari",CA-2016-105816,1045.21
JM-15265,"Janet Molinari",CA-2016-105816,1045.21
JM-15265,"Janet Molinari",CA-2016-105816,1045.21
TB-21055,"Ted Butterfield",CA-2016-111682,655.0899999999999
TB-21055,"Ted Butterfield",CA-2016-111682,655.0899999999999
TB-21055,"Ted Butterfield",CA-2016-111682,655.0899999999999
TB-21055,"Ted Butterfield",CA-2016-111682,655.0899999999999
TB-21055,"Ted Butterfield",CA-2016-111682,655.0899999999999
BS-11590,"Brendan Sweed",CA-2014-106376,1280.992
BS-11590,"Brendan Sweed",CA-2014-106376,1280.992
BS-11590,"Brendan Sweed",CA-2014-106376,1280.992
BS-11590,"Brendan Sweed",CA-2014-106376,1280.992
BS-11590,"Brendan Sweed",CA-2014-106376,1280.992
BS-11590,"Brendan Sweed",CA-2014-106376,1280.992
PA-19060,"Pete Armstrong",CA-2015-129476,339.96
PA-19060,"Pete Armstrong",CA-2015-129476,339.96
PA-19060,"Pete Armstrong",CA-2015-129476,339.96
PA-19060,"Pete Armstrong",CA-2015-129476,339.96
PA-19060,"Pete Armstrong",CA-2015-129476,339.96
PA-19060,"Pete Armstrong",CA-2015-129476,339.96
HA-14920,"Helen Andreada",CA-2015-110744,671.93
HA-14920,"Helen Andreada",CA-2015-110744,671.93
HA-14920,"Helen Andreada",CA-2015-110744,671.93
HA-14920,"Helen Andreada",CA-2015-110744,671.93
HA-14920,"Helen Andreada",CA-2015-110744,671.93
HA-14920,"Helen Andreada",CA-2015-110744,671.93
JE-16165,"Justin Ellison",CA-2016-114489,2657.81
JE-16165,"Justin Ellison",CA-2016-114489,2657.81
JE-16165,"Justin Ellison",CA-2016-114489,2657.81
BM-11140,"Becky Martin",CA-2014-139892,10539.896
BM-11140,"Becky Martin",CA-2014-139892,10539.896
BM-11140,"Becky Martin",CA-2014-139892,10539.896
BM-11140,"Becky Martin",CA-2014-139892,10539.896
CS-12130,"Chad Sievert",CA-2014-118962,472.044
CS-12130,"Chad Sievert",CA-2014-118962,472.044
CS-12130,"Chad Sievert",CA-2014-118962,472.044
CS-12130,"Chad Sievert",CA-2014-118962,472.044
DK-13150,"David Kendrick",CA-2014-166191,433.56
DK-13150,"David Kendrick",CA-2014-166191,433.56
MP-17470,"Mark Packer",CA-2015-102281,1668.988
MP-17470,"Mark Packer",CA-2015-102281,1668.988
MP-17470,"Mark Packer",CA-2015-102281,1668.988
MP-17470,"Mark Packer",CA-2015-102281,1668.988
MP-17470,"Mark Packer",CA-2015-102281,1668.988
VW-21775,"Victoria Wilson",CA-2015-146262,1816.6960000000001
VW-21775,"Victoria Wilson",CA-2015-146262,1816.6960000000001
VW-21775,"Victoria Wilson",CA-2015-146262,1816.6960000000001
VW-21775,"Victoria Wilson",CA-2015-146262,1816.6960000000001
VW-21775,"Victoria Wilson",CA-2015-146262,1816.6960000000001
VW-21775,"Victoria Wilson",CA-2015-146262,1816.6960000000001
VW-21775,"Victoria Wilson",CA-2015-146262,1816.6960000000001
VW-21775,"Victoria Wilson",CA-2015-146262,1816.6960000000001
VW-21775,"Victoria Wilson",CA-2015-146262,1816.6960000000001
JH-15910,"Jonathan Howell",CA-2016-130162,395.436
JH-15910,"Jonathan Howell",CA-2016-130162,395.436
JH-15910,"Jonathan Howell",CA-2016-130162,395.436
JH-15910,"Jonathan Howell",CA-2016-130162,395.436
JH-15910,"Jonathan Howell",CA-2016-130162,395.436
JH-15910,"Jonathan Howell",CA-2016-130162,395.436
JH-15910,"Jonathan Howell",CA-2016-130162,395.436
JB-15925,"Joni Blumstein",CA-2015-169397,627.924
JB-15925,"Joni Blumstein",CA-2015-169397,627.924
JB-15925,"Joni Blumstein",CA-2015-169397,627.924
CS-12400,"Christopher Schild",US-2017-100930,1735.8505
CS-12400,"Christopher Schild",US-2017-100930,1735.8505
CS-12400,"Christopher Schild",US-2017-100930,1735.8505
CS-12400,"Christopher Schild",US-2017-100930,1735.8505
CS-12400,"Christopher Schild",US-2017-100930,1735.8505
CS-12400,"Christopher Schild",US-2017-100930,1735.8505
CS-12400,"Christopher Schild",US-2017-100930,1735.8505
CS-12400,"Christopher Schild",US-2017-100930,1735.8505
DW-13480,"Dianna Wilson",CA-2014-131926,3745.63
DW-13480,"Dianna Wilson",CA-2014-131926,3745.63
DW-13480,"Dianna Wilson",CA-2014-131926,3745.63
DW-13480,"Dianna Wilson",CA-2014-131926,3745.63
KC-16540,"Kelly Collister",CA-2016-145625,3354.98
KC-16540,"Kelly Collister",CA-2016-145625,3354.98
KC-16540,"Kelly Collister",CA-2016-145625,3354.98
KC-16540,"Kelly Collister",CA-2016-145625,3354.98
DL-13315,"Delfina Latchford",CA-2016-146941,442.5
DL-13315,"Delfina Latchford",CA-2016-146941,442.5
DL-13315,"Delfina Latchford",CA-2016-146941,442.5
DL-13315,"Delfina Latchford",CA-2016-146941,442.5
DL-13315,"Delfina Latchford",CA-2016-146941,442.5
DL-13315,"Delfina Latchford",CA-2016-146941,442.5
DL-13315,"Delfina Latchford",CA-2016-146941,442.5
SB-20290,"Sean Braxton",US-2014-106992,5579.9400000000005
SB-20290,"Sean Braxton",US-2014-106992,5579.9400000000005
SB-20290,"Sean Braxton",US-2014-106992,5579.9400000000005
SB-20290,"Sean Braxton",US-2014-106992,5579.9400000000005
SB-20290,"Sean Braxton",US-2014-106992,5579.9400000000005
SB-20290,"Sean Braxton",US-2014-106992,5579.9400000000005
SB-20290,"Sean Braxton",US-2014-106992,5579.9400000000005
SC-20725,"Steven Cartwright",US-2015-161991,1116.48
SC-20725,"Steven Cartwright",US-2015-161991,1116.48
SC-20725,"Steven Cartwright",US-2015-161991,1116.48
SC-20725,"Steven Cartwright",US-2015-161991,1116.48
SC-20725,"Steven Cartwright",US-2015-161991,1116.48
SC-20725,"Steven Cartwright",US-2015-161991,1116.48
SC-20725,"Steven Cartwright",US-2015-161991,1116.48
SC-20725,"Steven Cartwright",US-2015-161991,1116.48
SC-20725,"Steven Cartwright",US-2015-161991,1116.48
JO-15280,"Jas O'Carroll",CA-2015-130890,1038.84
JO-15280,"Jas O'Carroll",CA-2015-130890,1038.84
JO-15280,"Jas O'Carroll",CA-2015-130890,1038.84
JO-15280,"Jas O'Carroll",CA-2015-130890,1038.84
JO-15280,"Jas O'Carroll",CA-2015-130890,1038.84
AH-10195,"Alan Haines",CA-2016-112697,1410.066
AH-10195,"Alan Haines",CA-2016-112697,1410.066
AH-10195,"Alan Haines",CA-2016-112697,1410.066
AH-10195,"Alan Haines",CA-2016-112697,1410.066
CR-12625,"Corey Roper",CA-2014-111003,334.68
CR-12625,"Corey Roper",CA-2014-111003,334.68
CR-12625,"Corey Roper",CA-2014-111003,334.68
NM-18445,"Nathan Mautz",CA-2014-164973,4807.371999999999
NM-18445,"Nathan Mautz",CA-2014-164973,4807.371999999999
NM-18445,"Nathan Mautz",CA-2014-164973,4807.371999999999
NM-18445,"Nathan Mautz",CA-2014-164973,4807.371999999999
NM-18445,"Nathan Mautz",CA-2014-164973,4807.371999999999
NM-18445,"Nathan Mautz",CA-2014-164973,4807.371999999999
DB-13615,"Doug Bickford",CA-2015-137946,979.104
DB-13615,"Doug Bickford",CA-2015-137946,979.104
DB-13615,"Doug Bickford",CA-2015-137946,979.104
DB-13615,"Doug Bickford",CA-2015-137946,979.104
DB-13615,"Doug Bickford",CA-2015-137946,979.104
DB-13615,"Doug Bickford",CA-2015-137946,979.104
AC-10420,"Alyssa Crouse",CA-2014-129924,706.064
AC-10420,"Alyssa Crouse",CA-2014-129924,706.064
AC-10420,"Alyssa Crouse",CA-2014-129924,706.064
AB-10060,"Adam Bellavance",CA-2016-129714,4438.686
AB-10060,"Adam Bellavance",CA-2016-129714,4438.686
AB-10060,"Adam Bellavance",CA-2016-129714,4438.686
AB-10060,"Adam Bellavance",CA-2016-129714,4438.686
AB-10060,"Adam Bellavance",CA-2016-129714,4438.686
AB-10060,"Adam Bellavance",CA-2016-129714,4438.686
AB-10060,"Adam Bellavance",CA-2016-129714,4438.686
MK-17905,"Michael Kennedy",CA-2016-155516,1179.27
MK-17905,"Michael Kennedy",CA-2016-155516,1179.27
MK-17905,"Michael Kennedy",CA-2016-155516,1179.27
MK-17905,"Michael Kennedy",CA-2016-155516,1179.27
MK-17905,"Michael Kennedy",CA-2016-155516,1179.27
MK-17905,"Michael Kennedy",CA-2016-155516,1179.27
MK-17905,"Michael Kennedy",CA-2016-155516,1179.27
MK-17905,"Michael Kennedy",CA-2016-155516,1179.27
AG-10900,"Arthur Gainer",US-2014-119137,1520.376
AG-10900,"Arthur Gainer",US-2014-119137,1520.376
AG-10900,"Arthur Gainer",US-2014-119137,1520.376
AG-10900,"Arthur Gainer",US-2014-119137,1520.376
AG-10900,"Arthur Gainer",US-2014-119137,1520.376
AG-10900,"Arthur Gainer",US-2014-119137,1520.376
AG-10900,"Arthur Gainer",US-2014-119137,1520.376
AG-10900,"Arthur Gainer",US-2014-119137,1520.376
AG-10900,"Arthur Gainer",US-2014-119137,1520.376
AG-10900,"Arthur Gainer",US-2014-119137,1520.376
AR-10405,"Allen Rosenblatt",US-2017-134481,1488.424
AR-10405,"Allen Rosenblatt",US-2017-134481,1488.424
AR-10405,"Allen Rosenblatt",US-2017-134481,1488.424
AR-10405,"Allen Rosenblatt",US-2017-134481,1488.424
AR-10405,"Allen Rosenblatt",US-2017-134481,1488.424
DO-13435,"Denny Ordway",US-2015-168935,459.4335
DO-13435,"Denny Ordway",US-2015-168935,459.4335
DO-13435,"Denny Ordway",US-2015-168935,459.4335
DO-13435,"Denny Ordway",US-2015-168935,459.4335
DO-13435,"Denny Ordway",US-2015-168935,459.4335
DO-13435,"Denny Ordway",US-2015-168935,459.4335
DO-13435,"Denny Ordway",US-2015-168935,459.4335
JG-15115,"Jack Garza",US-2014-135972,2046.354
JG-15115,"Jack Garza",US-2014-135972,2046.354
JG-15115,"Jack Garza",US-2014-135972,2046.354
AG-10675,"Anna Gayman",CA-2016-108987,2620.9375999999997
AG-10675,"Anna Gayman",CA-2016-108987,2620.9375999999997
AG-10675,"Anna Gayman",CA-2016-108987,2620.9375999999997
AG-10675,"Anna Gayman",CA-2016-108987,2620.9375999999997
AG-10675,"Anna Gayman",CA-2016-108987,2620.9375999999997
AG-10675,"Anna Gayman",CA-2016-108987,2620.9375999999997
AG-10675,"Anna Gayman",CA-2016-108987,2620.9375999999997
KH-16510,"Keith Herrera",CA-2017-117457,3955.5070000000005
KH-16510,"Keith Herrera",CA-2017-117457,3955.5070000000005
KH-16510,"Keith Herrera",CA-2017-117457,3955.5070000000005
KH-16510,"Keith Herrera",CA-2017-117457,3955.5070000000005
KH-16510,"Keith Herrera",CA-2017-117457,3955.5070000000005
KH-16510,"Keith Herrera",CA-2017-117457,3955.5070000000005
KH-16510,"Keith Herrera",CA-2017-117457,3955.5070000000005
TN-21040,"Tanja Norvell",CA-2016-109869,1588.3229999999999
TN-21040,"Tanja Norvell",CA-2016-109869,1588.3229999999999
TN-21040,"Tanja Norvell",CA-2016-109869,1588.3229999999999
TN-21040,"Tanja Norvell",CA-2016-109869,1588.3229999999999
TN-21040,"Tanja Norvell",CA-2016-109869,1588.3229999999999
TN-21040,"Tanja Norvell",CA-2016-109869,1588.3229999999999
TN-21040,"Tanja Norvell",CA-2016-109869,1588.3229999999999
JS-15940,"Joni Sundaresam",US-2015-101399,254.744
JS-15940,"Joni Sundaresam",US-2015-101399,254.744
JS-15940,"Joni Sundaresam",US-2015-101399,254.744
JS-15940,"Joni Sundaresam",US-2015-101399,254.744
JS-15940,"Joni Sundaresam",US-2015-101399,254.744
JG-15805,"John Grady",CA-2016-100790,718.95
JG-15805,"John Grady",CA-2016-100790,718.95
JG-15805,"John Grady",CA-2016-100790,718.95
JG-15805,"John Grady",CA-2016-100790,718.95
JG-15805,"John Grady",CA-2016-100790,718.95
JG-15805,"John Grady",CA-2016-100790,718.95
EM-14065,"Erin Mull",CA-2014-127691,165.94
EM-14065,"Erin Mull",CA-2014-127691,165.94
EM-14065,"Erin Mull",CA-2014-127691,165.94
MT-18070,"Michelle Tran",CA-2017-140963,823.7249999999999
MT-18070,"Michelle Tran",CA-2017-140963,823.7249999999999
MT-18070,"Michelle Tran",CA-2017-140963,823.7249999999999
MT-18070,"Michelle Tran",CA-2017-140963,823.7249999999999
SA-20830,"Sue Ann Reed",CA-2014-154627,2735.952
SA-20830,"Sue Ann Reed",CA-2014-154627,2735.952
SA-20830,"Sue Ann Reed",CA-2014-154627,2735.952
SA-20830,"Sue Ann Reed",CA-2014-154627,2735.952
SA-20830,"Sue Ann Reed",CA-2014-154627,2735.952
SA-20830,"Sue Ann Reed",CA-2014-154627,2735.952
SA-20830,"Sue Ann Reed",CA-2014-154627,2735.952
SA-20830,"Sue Ann Reed",CA-2014-154627,2735.952
SA-20830,"Sue Ann Reed",CA-2014-154627,2735.952
AJ-10960,"Astrea Jones",CA-2014-113362,460.21999999999997
AJ-10960,"Astrea Jones",CA-2014-113362,460.21999999999997
AJ-10960,"Astrea Jones",CA-2014-113362,460.21999999999997
MY-17380,"Maribeth Yedwab",US-2016-105578,874.308
MY-17380,"Maribeth Yedwab",US-2016-105578,874.308
MY-17380,"Maribeth Yedwab",US-2016-105578,874.308
MY-17380,"Maribeth Yedwab",US-2016-105578,874.308
MY-17380,"Maribeth Yedwab",US-2016-105578,874.308
MY-17380,"Maribeth Yedwab",US-2016-105578,874.308
MY-17380,"Maribeth Yedwab",US-2016-105578,874.308
CM-12385,"Christopher Martinez",CA-2015-145352,6412.7699999999995
CM-12385,"Christopher Martinez",CA-2015-145352,6412.7699999999995
CM-12385,"Christopher Martinez",CA-2015-145352,6412.7699999999995
CM-12385,"Christopher Martinez",CA-2015-145352,6412.7699999999995
AD-10180,"Alan Dominguez",CA-2017-127432,4189.379999999999
AD-10180,"Alan Dominguez",CA-2017-127432,4189.379999999999
AD-10180,"Alan Dominguez",CA-2017-127432,4189.379999999999
AD-10180,"Alan Dominguez",CA-2017-127432,4189.379999999999
AD-10180,"Alan Dominguez",CA-2017-127432,4189.379999999999
AD-10180,"Alan Dominguez",CA-2017-127432,4189.379999999999
AD-10180,"Alan Dominguez",CA-2017-127432,4189.379999999999
PH-18790,"Patricia Hirasaki",CA-2017-113558,729.648
JC-15340,"Jasper Cacioppo",US-2017-129441,47.94
JC-15340,"Jasper Cacioppo",US-2017-129441,47.94
JC-15340,"Jasper Cacioppo",US-2017-129441,47.94
LM-17065,"Liz MacKendrick",US-2015-120161,646.776
LM-17065,"Liz MacKendrick",US-2015-120161,646.776
LM-17065,"Liz MacKendrick",US-2015-120161,646.776
LM-17065,"Liz MacKendrick",US-2015-120161,646.776
LM-17065,"Liz MacKendrick",US-2015-120161,646.776
AS-10135,"Adrian Shami",CA-2017-162929,54.64
AS-10135,"Adrian Shami",CA-2017-162929,54.64
DK-13225,"Dean Katz",CA-2017-100650,1295.78
DK-13225,"Dean Katz",CA-2017-100650,1295.78
DK-13225,"Dean Katz",CA-2017-100650,1295.78
DK-13225,"Dean Katz",CA-2017-100650,1295.78
DK-13225,"Dean Katz",CA-2017-100650,1295.78
DK-13225,"Dean Katz",CA-2017-100650,1295.78
DK-13225,"Dean Katz",CA-2017-100650,1295.78
LR-16915,"Lena Radford",CA-2014-131450,2049.816
LR-16915,"Lena Radford",CA-2014-131450,2049.816
LR-16915,"Lena Radford",CA-2014-131450,2049.816
LR-16915,"Lena Radford",CA-2014-131450,2049.816
LR-16915,"Lena Radford",CA-2014-131450,2049.816
AS-10240,"Alan Shonely",CA-2014-149958,370.782
AS-10240,"Alan Shonely",CA-2014-149958,370.782
AS-10240,"Alan Shonely",CA-2014-149958,370.782
AS-10240,"Alan Shonely",CA-2014-149958,370.782
AS-10240,"Alan Shonely",CA-2014-149958,370.782
AS-10240,"Alan Shonely",CA-2014-149958,370.782
SF-20965,"Sylvia Foulston",CA-2015-138009,1542.47
SF-20965,"Sylvia Foulston",CA-2015-138009,1542.47
SF-20965,"Sylvia Foulston",CA-2015-138009,1542.47
SF-20965,"Sylvia Foulston",CA-2015-138009,1542.47
SF-20965,"Sylvia Foulston",CA-2015-138009,1542.47
SF-20965,"Sylvia Foulston",CA-2015-138009,1542.47
SF-20965,"Sylvia Foulston",CA-2015-138009,1542.47
SF-20965,"Sylvia Foulston",CA-2015-138009,1542.47
SF-20965,"Sylvia Foulston",CA-2015-138009,1542.47
FM-14380,"Fred McMath",US-2016-135720,663.952
FM-14380,"Fred McMath",US-2016-135720,663.952
FM-14380,"Fred McMath",US-2016-135720,663.952
FM-14380,"Fred McMath",US-2016-135720,663.952
FM-14380,"Fred McMath",US-2016-135720,663.952
FM-14380,"Fred McMath",US-2016-135720,663.952
FM-14380,"Fred McMath",US-2016-135720,663.952
FM-14380,"Fred McMath",US-2016-135720,663.952
FM-14380,"Fred McMath",US-2016-135720,663.952
RB-19465,"Rick Bensley",CA-2016-115917,1064.624
RB-19465,"Rick Bensley",CA-2016-115917,1064.624
RB-19465,"Rick Bensley",CA-2016-115917,1064.624
RB-19465,"Rick Bensley",CA-2016-115917,1064.624
RB-19465,"Rick Bensley",CA-2016-115917,1064.624
RB-19465,"Rick Bensley",CA-2016-115917,1064.624
RB-19465,"Rick Bensley",CA-2016-115917,1064.624
RB-19465,"Rick Bensley",CA-2016-115917,1064.624
RB-19465,"Rick Bensley",CA-2016-115917,1064.624
RB-19465,"Rick Bensley",CA-2016-115917,1064.624
RB-19465,"Rick Bensley",CA-2016-115917,1064.624
CB-12025,"Cassandra Brandow",CA-2015-146563,2645.021
CB-12025,"Cassandra Brandow",CA-2015-146563,2645.021
CB-12025,"Cassandra Brandow",CA-2015-146563,2645.021
CB-12025,"Cassandra Brandow",CA-2015-146563,2645.021
CB-12025,"Cassandra Brandow",CA-2015-146563,2645.021
CB-12025,"Cassandra Brandow",CA-2015-146563,2645.021
CB-12025,"Cassandra Brandow",CA-2015-146563,2645.021
CB-12025,"Cassandra Brandow",CA-2015-146563,2645.021
CB-12025,"Cassandra Brandow",CA-2015-146563,2645.021
CB-12025,"Cassandra Brandow",CA-2015-146563,2645.021
SP-20545,"Sibella Parks",CA-2016-123666,459.95
SP-20545,"Sibella Parks",CA-2016-123666,459.95
SP-20545,"Sibella Parks",CA-2016-123666,459.95
SP-20545,"Sibella Parks",CA-2016-123666,459.95
SP-20545,"Sibella Parks",CA-2016-123666,459.95
TH-21235,"Tiffany House",CA-2017-132682,490.39200000000005
TH-21235,"Tiffany House",CA-2017-132682,490.39200000000005
TH-21235,"Tiffany House",CA-2017-132682,490.39200000000005
TH-21235,"Tiffany House",CA-2017-132682,490.39200000000005
TH-21235,"Tiffany House",CA-2017-132682,490.39200000000005
TH-21235,"Tiffany House",CA-2017-132682,490.39200000000005
TH-21235,"Tiffany House",CA-2017-132682,490.39200000000005
RB-19570,"Rob Beeghly",CA-2017-130351,199.73000000000002
RB-19570,"Rob Beeghly",CA-2017-130351,199.73000000000002
RB-19570,"Rob Beeghly",CA-2017-130351,199.73000000000002
RB-19570,"Rob Beeghly",CA-2017-130351,199.73000000000002
GT-14635,"Grant Thornton",US-2017-168116,8167.419999999999
GT-14635,"Grant Thornton",US-2017-168116,8167.419999999999
GT-14635,"Grant Thornton",US-2017-168116,8167.419999999999
JO-15550,"Jesus Ocampo",CA-2015-119291,570.492
JO-15550,"Jesus Ocampo",CA-2015-119291,570.492
JO-15550,"Jesus Ocampo",CA-2015-119291,570.492
JO-15550,"Jesus Ocampo",CA-2015-119291,570.492
BN-11470,"Brad Norvell",CA-2014-138527,192.424
BN-11470,"Brad Norvell",CA-2014-138527,192.424
BN-11470,"Brad Norvell",CA-2014-138527,192.424
BN-11470,"Brad Norvell",CA-2014-138527,192.424
DP-13165,"David Philippe",CA-2014-112158,1050.6
DP-13165,"David Philippe",CA-2014-112158,1050.6
MP-17965,"Michael Paige",CA-2016-142335,1949.31
MP-17965,"Michael Paige",CA-2016-142335,1949.31
MP-17965,"Michael Paige",CA-2016-142335,1949.31
MP-17965,"Michael Paige",CA-2016-142335,1949.31
MP-17965,"Michael Paige",CA-2016-142335,1949.31
MP-17965,"Michael Paige",CA-2016-142335,1949.31
MP-17965,"Michael Paige",CA-2016-142335,1949.31
MP-17965,"Michael Paige",CA-2016-142335,1949.31
MP-17965,"Michael Paige",CA-2016-142335,1949.31
EG-13900,"Emily Grady",US-2016-150861,1165.3279999999997
EG-13900,"Emily Grady",US-2016-150861,1165.3279999999997
EG-13900,"Emily Grady",US-2016-150861,1165.3279999999997
EG-13900,"Emily Grady",US-2016-150861,1165.3279999999997
EG-13900,"Emily Grady",US-2016-150861,1165.3279999999997
DS-13030,"Darrin Sayre",CA-2017-131954,654.2420000000001
DS-13030,"Darrin Sayre",CA-2017-131954,654.2420000000001
DS-13030,"Darrin Sayre",CA-2017-131954,654.2420000000001
DS-13030,"Darrin Sayre",CA-2017-131954,654.2420000000001
MH-17785,"Maya Herman",CA-2014-124429,926.44
MH-17785,"Maya Herman",CA-2014-124429,926.44
MH-17785,"Maya Herman",CA-2014-124429,926.44
MH-17785,"Maya Herman",CA-2014-124429,926.44
MH-17785,"Maya Herman",CA-2014-124429,926.44
MH-17785,"Maya Herman",CA-2014-124429,926.44
CS-12250,"Chris Selesnick",CA-2014-162775,1287.26
CS-12250,"Chris Selesnick",CA-2014-162775,1287.26
CS-12250,"Chris Selesnick",CA-2014-162775,1287.26
CS-12250,"Chris Selesnick",CA-2014-162775,1287.26
CS-12250,"Chris Selesnick",CA-2014-162775,1287.26
CS-12250,"Chris Selesnick",CA-2014-162775,1287.26
CS-12250,"Chris Selesnick",CA-2014-162775,1287.26
CS-12250,"Chris Selesnick",CA-2014-162775,1287.26
CS-12250,"Chris Selesnick",CA-2014-162775,1287.26
CS-12250,"Chris Selesnick",CA-2014-162775,1287.26
LE-16810,"Laurel Elliston",CA-2016-157245,641.96
LE-16810,"Laurel Elliston",CA-2016-157245,641.96
LE-16810,"Laurel Elliston",CA-2016-157245,641.96
LE-16810,"Laurel Elliston",CA-2016-157245,641.96
LE-16810,"Laurel Elliston",CA-2016-157245,641.96
RA-19915,"Russell Applegate",CA-2014-134313,2027.144
RA-19915,"Russell Applegate",CA-2014-134313,2027.144
RA-19915,"Russell Applegate",CA-2014-134313,2027.144
RA-19915,"Russell Applegate",CA-2014-134313,2027.144
RA-19915,"Russell Applegate",CA-2014-134313,2027.144
RA-19915,"Russell Applegate",CA-2014-134313,2027.144
RA-19915,"Russell Applegate",CA-2014-134313,2027.144
RA-19915,"Russell Applegate",CA-2014-134313,2027.144
RA-19915,"Russell Applegate",CA-2014-134313,2027.144
PJ-19015,"Pauline Johnson",CA-2017-143686,1418.21
PJ-19015,"Pauline Johnson",CA-2017-143686,1418.21
PJ-19015,"Pauline Johnson",CA-2017-143686,1418.21
PJ-19015,"Pauline Johnson",CA-2017-143686,1418.21
PJ-19015,"Pauline Johnson",CA-2017-143686,1418.21
PJ-19015,"Pauline Johnson",CA-2017-143686,1418.21
CA-12775,"Cynthia Arntzen",CA-2014-140858,1639.711
CA-12775,"Cynthia Arntzen",CA-2014-140858,1639.711
CA-12775,"Cynthia Arntzen",CA-2014-140858,1639.711
CA-12775,"Cynthia Arntzen",CA-2014-140858,1639.711
CA-12775,"Cynthia Arntzen",CA-2014-140858,1639.711
CA-12775,"Cynthia Arntzen",CA-2014-140858,1639.711
PK-18910,"Paul Knutson",CA-2016-158099,1422.252
PK-18910,"Paul Knutson",CA-2016-158099,1422.252
SM-20005,"Sally Matthias",CA-2014-148488,106.344
SM-20005,"Sally Matthias",CA-2014-148488,106.344
SM-20005,"Sally Matthias",CA-2014-148488,106.344
HP-14815,"Harold Pawlan",CA-2017-111689,1311.372
HP-14815,"Harold Pawlan",CA-2017-111689,1311.372
HP-14815,"Harold Pawlan",CA-2017-111689,1311.372
HP-14815,"Harold Pawlan",CA-2017-111689,1311.372
HP-14815,"Harold Pawlan",CA-2017-111689,1311.372
HP-14815,"Harold Pawlan",CA-2017-111689,1311.372
HP-14815,"Harold Pawlan",CA-2017-111689,1311.372
BE-11335,"Bill Eplett",CA-2017-137596,3480.96
BE-11335,"Bill Eplett",CA-2017-137596,3480.96
BE-11335,"Bill Eplett",CA-2017-137596,3480.96
BE-11335,"Bill Eplett",CA-2017-137596,3480.96
BE-11335,"Bill Eplett",CA-2017-137596,3480.96
CG-12040,"Catherine Glotzbach",CA-2016-140081,492.966
CG-12040,"Catherine Glotzbach",CA-2016-140081,492.966
CG-12040,"Catherine Glotzbach",CA-2016-140081,492.966
CG-12040,"Catherine Glotzbach",CA-2016-140081,492.966
CG-12040,"Catherine Glotzbach",CA-2016-140081,492.966
RW-19630,"Rob Williams",CA-2016-142958,1114.272
RW-19630,"Rob Williams",CA-2016-142958,1114.272
RW-19630,"Rob Williams",CA-2016-142958,1114.272
RW-19630,"Rob Williams",CA-2016-142958,1114.272
RW-19630,"Rob Williams",CA-2016-142958,1114.272
RW-19630,"Rob Williams",CA-2016-142958,1114.272
RW-19630,"Rob Williams",CA-2016-142958,1114.272
RW-19630,"Rob Williams",CA-2016-142958,1114.272
RW-19630,"Rob Williams",CA-2016-142958,1114.272
RB-19795,"Ross Baird",US-2017-110576,3629.936
RB-19795,"Ross Baird",US-2017-110576,3629.936
RB-19795,"Ross Baird",US-2017-110576,3629.936
RB-19795,"Ross Baird",US-2017-110576,3629.936
RB-19795,"Ross Baird",US-2017-110576,3629.936
RB-19795,"Ross Baird",US-2017-110576,3629.936
RB-19795,"Ross Baird",US-2017-110576,3629.936
GH-14665,"Greg Hansen",CA-2017-136539,106.02080000000001
GH-14665,"Greg Hansen",CA-2017-136539,106.02080000000001
BS-11800,"Bryan Spruell",CA-2017-135279,760.8
BS-11800,"Bryan Spruell",CA-2017-135279,760.8
BW-11110,"Bart Watters",CA-2017-159366,3059.982
BW-11110,"Bart Watters",CA-2017-159366,3059.982
BW-11110,"Bart Watters",CA-2017-159366,3059.982
BW-11110,"Bart Watters",CA-2017-159366,3059.982
BW-11110,"Bart Watters",CA-2017-159366,3059.982
BW-11110,"Bart Watters",CA-2017-159366,3059.982
BW-11110,"Bart Watters",CA-2017-159366,3059.982
TZ-21580,"Tracy Zic",CA-2014-163419,1167.296
TZ-21580,"Tracy Zic",CA-2014-163419,1167.296
TZ-21580,"Tracy Zic",CA-2014-163419,1167.296
TZ-21580,"Tracy Zic",CA-2014-163419,1167.296
AS-10630,"Ann Steele",CA-2017-100314,372.44599999999997
AS-10630,"Ann Steele",CA-2017-100314,372.44599999999997
AS-10630,"Ann Steele",CA-2017-100314,372.44599999999997
AS-10630,"Ann Steele",CA-2017-100314,372.44599999999997
AS-10630,"Ann Steele",CA-2017-100314,372.44599999999997
AS-10630,"Ann Steele",CA-2017-100314,372.44599999999997
AS-10630,"Ann Steele",CA-2017-100314,372.44599999999997
MW-18235,"Mitch Willingham",CA-2014-117639,3333.8999999999996
MW-18235,"Mitch Willingham",CA-2014-117639,3333.8999999999996
RH-19495,"Rick Hansen",CA-2015-124891,3419.872
RH-19495,"Rick Hansen",CA-2015-124891,3419.872
RH-19495,"Rick Hansen",CA-2015-124891,3419.872
RH-19495,"Rick Hansen",CA-2015-124891,3419.872
JS-15880,"John Stevenson",US-2015-126214,1717.9699999999998
JS-15880,"John Stevenson",US-2015-126214,1717.9699999999998
JS-15880,"John Stevenson",US-2015-126214,1717.9699999999998
JS-15880,"John Stevenson",US-2015-126214,1717.9699999999998
JS-15880,"John Stevenson",US-2015-126214,1717.9699999999998
KM-16225,"Kalyca Meade",CA-2015-108665,896.38
KM-16225,"Kalyca Meade",CA-2015-108665,896.38
KM-16225,"Kalyca Meade",CA-2015-108665,896.38
KM-16225,"Kalyca Meade",CA-2015-108665,896.38
KM-16225,"Kalyca Meade",CA-2015-108665,896.38
KM-16225,"Kalyca Meade",CA-2015-108665,896.38
EL-13735,"Ed Ludwig",CA-2016-113061,86.62
EL-13735,"Ed Ludwig",CA-2016-113061,86.62
MO-17500,"Mary O'Rourke",CA-2016-102981,754.212
MO-17500,"Mary O'Rourke",CA-2016-102981,754.212
MO-17500,"Mary O'Rourke",CA-2016-102981,754.212
MO-17500,"Mary O'Rourke",CA-2016-102981,754.212
DW-13540,"Don Weiss",CA-2017-132521,158.28
DW-13540,"Don Weiss",CA-2017-132521,158.28
DW-13540,"Don Weiss",CA-2017-132521,158.28
DW-13540,"Don Weiss",CA-2017-132521,158.28
DW-13540,"Don Weiss",CA-2017-132521,158.28
BT-11395,"Bill Tyler",CA-2015-110016,1126.8300000000002
BT-11395,"Bill Tyler",CA-2015-110016,1126.8300000000002
BT-11395,"Bill Tyler",CA-2015-110016,1126.8300000000002
BT-11395,"Bill Tyler",CA-2015-110016,1126.8300000000002
BT-11395,"Bill Tyler",CA-2015-110016,1126.8300000000002
KD-16270,"Karen Daniels",US-2016-143819,6125.822
KD-16270,"Karen Daniels",US-2016-143819,6125.822
KD-16270,"Karen Daniels",US-2016-143819,6125.822
KD-16270,"Karen Daniels",US-2016-143819,6125.822
KD-16270,"Karen Daniels",US-2016-143819,6125.822
BT-11485,"Brad Thomas",CA-2015-165085,384.85999999999996
BT-11485,"Brad Thomas",CA-2015-165085,384.85999999999996
EH-13945,"Eric Hoffmann",US-2016-110156,296.668
EH-13945,"Eric Hoffmann",US-2016-110156,296.668
EH-13945,"Eric Hoffmann",US-2016-110156,296.668
EH-13945,"Eric Hoffmann",US-2016-110156,296.668
EH-13945,"Eric Hoffmann",US-2016-110156,296.668
EH-13945,"Eric Hoffmann",US-2016-110156,296.668
EH-13945,"Eric Hoffmann",US-2016-110156,296.668
CS-12355,"Christine Sundaresam",CA-2015-142755,919.49
CS-12355,"Christine Sundaresam",CA-2015-142755,919.49
CS-12355,"Christine Sundaresam",CA-2015-142755,919.49
CS-12355,"Christine Sundaresam",CA-2015-142755,919.49
CS-12355,"Christine Sundaresam",CA-2015-142755,919.49
CS-12355,"Christine Sundaresam",CA-2015-142755,919.49
CS-12355,"Christine Sundaresam",CA-2015-142755,919.49
CS-12355,"Christine Sundaresam",CA-2015-142755,919.49
CS-12355,"Christine Sundaresam",CA-2015-142755,919.49
CS-12355,"Christine Sundaresam",CA-2015-142755,919.49
CS-12355,"Christine Sundaresam",CA-2015-142755,919.49
AP-10915,"Arthur Prichep",CA-2014-146969,968.3
AP-10915,"Arthur Prichep",CA-2014-146969,968.3
AP-10915,"Arthur Prichep",CA-2014-146969,968.3
AP-10915,"Arthur Prichep",CA-2014-146969,968.3
AP-10915,"Arthur Prichep",CA-2014-146969,968.3
AP-10915,"Arthur Prichep",CA-2014-146969,968.3
AP-10915,"Arthur Prichep",CA-2014-146969,968.3
AP-10915,"Arthur Prichep",CA-2014-146969,968.3
NC-18340,"Nat Carroll",CA-2015-112452,1273.6060000000002
NC-18340,"Nat Carroll",CA-2015-112452,1273.6060000000002
NC-18340,"Nat Carroll",CA-2015-112452,1273.6060000000002
NC-18340,"Nat Carroll",CA-2015-112452,1273.6060000000002
NC-18340,"Nat Carroll",CA-2015-112452,1273.6060000000002
DB-13060,"Dave Brooks",CA-2014-128146,1326.69
DB-13060,"Dave Brooks",CA-2014-128146,1326.69
DB-13060,"Dave Brooks",CA-2014-128146,1326.69
DB-13060,"Dave Brooks",CA-2014-128146,1326.69
DB-13060,"Dave Brooks",CA-2014-128146,1326.69
DB-13060,"Dave Brooks",CA-2014-128146,1326.69
DB-13060,"Dave Brooks",CA-2014-128146,1326.69
BT-11530,"Bradley Talbott",CA-2017-117212,2110.72
BT-11530,"Bradley Talbott",CA-2017-117212,2110.72
BT-11530,"Bradley Talbott",CA-2017-117212,2110.72
BT-11530,"Bradley Talbott",CA-2017-117212,2110.72
LS-16945,"Linda Southworth",CA-2016-114727,2331.84
LS-16945,"Linda Southworth",CA-2016-114727,2331.84
LS-16945,"Linda Southworth",CA-2016-114727,2331.84
LS-16945,"Linda Southworth",CA-2016-114727,2331.84
LS-16945,"Linda Southworth",CA-2016-114727,2331.84
LS-16945,"Linda Southworth",CA-2016-114727,2331.84
LH-16750,"Larry Hughes",CA-2017-133235,271.96
LH-16750,"Larry Hughes",CA-2017-133235,271.96
LH-16750,"Larry Hughes",CA-2017-133235,271.96
SW-20755,"Steven Ward",CA-2016-137050,663.9639999999999
SW-20755,"Steven Ward",CA-2016-137050,663.9639999999999
SP-20620,"Stefania Perrino",US-2017-118087,2457.141
SP-20620,"Stefania Perrino",US-2017-118087,2457.141
SP-20620,"Stefania Perrino",US-2017-118087,2457.141
SP-20620,"Stefania Perrino",US-2017-118087,2457.141
SP-20620,"Stefania Perrino",US-2017-118087,2457.141
SP-20620,"Stefania Perrino",US-2017-118087,2457.141
SP-20620,"Stefania Perrino",US-2017-118087,2457.141
SP-20620,"Stefania Perrino",US-2017-118087,2457.141
SP-20620,"Stefania Perrino",US-2017-118087,2457.141
NP-18700,"Nora Preis",CA-2014-168494,4630.5105
NP-18700,"Nora Preis",CA-2014-168494,4630.5105
NP-18700,"Nora Preis",CA-2014-168494,4630.5105
NP-18700,"Nora Preis",CA-2014-168494,4630.5105
NP-18700,"Nora Preis",CA-2014-168494,4630.5105
NP-18700,"Nora Preis",CA-2014-168494,4630.5105
NP-18700,"Nora Preis",CA-2014-168494,4630.5105
DJ-13630,"Doug Jacobs",CA-2017-115602,2888.518
DJ-13630,"Doug Jacobs",CA-2017-115602,2888.518
JR-15700,"Jocasta Rupert",CA-2017-117079,863.88
JC-16105,"Julie Creighton",US-2014-167738,435.132
JC-16105,"Julie Creighton",US-2014-167738,435.132
JC-16105,"Julie Creighton",US-2014-167738,435.132
JC-16105,"Julie Creighton",US-2014-167738,435.132
JC-16105,"Julie Creighton",US-2014-167738,435.132
TR-21325,"Toby Ritter",CA-2016-160815,278.4
TR-21325,"Toby Ritter",CA-2016-160815,278.4
TR-21325,"Toby Ritter",CA-2016-160815,278.4
TR-21325,"Toby Ritter",CA-2016-160815,278.4
TR-21325,"Toby Ritter",CA-2016-160815,278.4
CS-12460,"Chuck Sachs",US-2017-126179,311.96000000000004
CS-12460,"Chuck Sachs",US-2017-126179,311.96000000000004
RC-19825,"Roy Collins",CA-2016-141397,409.76
RC-19825,"Roy Collins",CA-2016-141397,409.76
RC-19825,"Roy Collins",CA-2016-141397,409.76
RC-19825,"Roy Collins",CA-2016-141397,409.76
RC-19825,"Roy Collins",CA-2016-141397,409.76
RC-19825,"Roy Collins",CA-2016-141397,409.76
MC-17575,"Matt Collins",CA-2017-167703,290.781
MC-17575,"Matt Collins",CA-2017-167703,290.781
MC-17575,"Matt Collins",CA-2017-167703,290.781
MC-17575,"Matt Collins",CA-2017-167703,290.781
MC-17575,"Matt Collins",CA-2017-167703,290.781
MC-17575,"Matt Collins",CA-2017-167703,290.781
MC-17575,"Matt Collins",CA-2017-167703,290.781
CM-12115,"Chad McGuire",CA-2017-100524,782.4
CM-12115,"Chad McGuire",CA-2017-100524,782.4
CM-12115,"Chad McGuire",CA-2017-100524,782.4
AB-10600,"Ann Blume",US-2017-155425,1475.054
AB-10600,"Ann Blume",US-2017-155425,1475.054
AB-10600,"Ann Blume",US-2017-155425,1475.054
AB-10600,"Ann Blume",US-2017-155425,1475.054
JR-15670,"Jim Radford",US-2015-103471,604.098
JR-15670,"Jim Radford",US-2015-103471,604.098
CA-12265,"Christina Anderson",CA-2015-120362,912.75
CA-12265,"Christina Anderson",CA-2015-120362,912.75
CA-12265,"Christina Anderson",CA-2015-120362,912.75
CA-12265,"Christina Anderson",CA-2015-120362,912.75
CA-12265,"Christina Anderson",CA-2015-120362,912.75
CA-12265,"Christina Anderson",CA-2015-120362,912.75
CA-12265,"Christina Anderson",CA-2015-120362,912.75
CA-12265,"Christina Anderson",CA-2015-120362,912.75
CA-12265,"Christina Anderson",CA-2015-120362,912.75
CK-12760,"Cyma Kinney",US-2017-117247,719.095
CK-12760,"Cyma Kinney",US-2017-117247,719.095
CK-12760,"Cyma Kinney",US-2017-117247,719.095
CK-12760,"Cyma Kinney",US-2017-117247,719.095
CK-12760,"Cyma Kinney",US-2017-117247,719.095
CK-12760,"Cyma Kinney",US-2017-117247,719.095
CK-12760,"Cyma Kinney",US-2017-117247,719.095
CK-12760,"Cyma Kinney",US-2017-117247,719.095
CK-12760,"Cyma Kinney",US-2017-117247,719.095
SV-20815,"Stuart Van",CA-2015-126697,1102.4720000000002
SV-20815,"Stuart Van",CA-2015-126697,1102.4720000000002
SV-20815,"Stuart Van",CA-2015-126697,1102.4720000000002
SV-20815,"Stuart Van",CA-2015-126697,1102.4720000000002
IM-15070,"Irene Maddox",CA-2014-120768,1979.8899999999999
IM-15070,"Irene Maddox",CA-2014-120768,1979.8899999999999
IM-15070,"Irene Maddox",CA-2014-120768,1979.8899999999999
IM-15070,"Irene Maddox",CA-2014-120768,1979.8899999999999
IM-15070,"Irene Maddox",CA-2014-120768,1979.8899999999999
IM-15070,"Irene Maddox",CA-2014-120768,1979.8899999999999
IM-15070,"Irene Maddox",CA-2014-120768,1979.8899999999999
JE-15745,"Joel Eaton",CA-2015-139731,2717.31
JE-15745,"Joel Eaton",CA-2015-139731,2717.31
JE-15745,"Joel Eaton",CA-2015-139731,2717.31
JE-15745,"Joel Eaton",CA-2015-139731,2717.31
JE-15745,"Joel Eaton",CA-2015-139731,2717.31
JE-15745,"Joel Eaton",CA-2015-139731,2717.31
JE-15745,"Joel Eaton",CA-2015-139731,2717.31
JE-15745,"Joel Eaton",CA-2015-139731,2717.31
JE-15745,"Joel Eaton",CA-2015-139731,2717.31
JE-15745,"Joel Eaton",CA-2015-139731,2717.31
JE-15745,"Joel Eaton",CA-2015-139731,2717.31
JE-15745,"Joel Eaton",CA-2015-139731,2717.31
MC-17425,"Mark Cousins",CA-2016-133711,3236.41
MC-17425,"Mark Cousins",CA-2016-133711,3236.41
MC-17425,"Mark Cousins",CA-2016-133711,3236.41
MC-17425,"Mark Cousins",CA-2016-133711,3236.41
MC-17425,"Mark Cousins",CA-2016-133711,3236.41
DK-12835,"Damala Kotsonis",CA-2017-139199,927.44
DK-12835,"Damala Kotsonis",CA-2017-139199,927.44
DK-12835,"Damala Kotsonis",CA-2017-139199,927.44
DK-12835,"Damala Kotsonis",CA-2017-139199,927.44
DK-12835,"Damala Kotsonis",CA-2017-139199,927.44
DK-12835,"Damala Kotsonis",CA-2017-139199,927.44
DK-12835,"Damala Kotsonis",CA-2017-139199,927.44
DK-12835,"Damala Kotsonis",CA-2017-139199,927.44
DK-12835,"Damala Kotsonis",CA-2017-139199,927.44
DK-12835,"Damala Kotsonis",CA-2017-139199,927.44
DK-12835,"Damala Kotsonis",CA-2017-139199,927.44
DK-12835,"Damala Kotsonis",CA-2017-139199,927.44
NG-18430,"Nathan Gelder",CA-2017-130386,779.1600000000001
NG-18430,"Nathan Gelder",CA-2017-130386,779.1600000000001
NG-18430,"Nathan Gelder",CA-2017-130386,779.1600000000001
NG-18430,"Nathan Gelder",CA-2017-130386,779.1600000000001
NG-18430,"Nathan Gelder",CA-2017-130386,779.1600000000001
PC-19000,"Pauline Chand",CA-2015-153388,1011.696
PC-19000,"Pauline Chand",CA-2015-153388,1011.696
MC-17845,"Michael Chen",CA-2017-148446,1669.6
MC-17845,"Michael Chen",CA-2017-148446,1669.6
MC-17845,"Michael Chen",CA-2017-148446,1669.6
MC-17845,"Michael Chen",CA-2017-148446,1669.6
MC-17845,"Michael Chen",CA-2017-148446,1669.6
MC-17845,"Michael Chen",CA-2017-148446,1669.6
CL-11890,"Carl Ludwig",CA-2017-121888,1081.69
CL-11890,"Carl Ludwig",CA-2017-121888,1081.69
PC-18745,"Pamela Coakley",CA-2014-150245,1573.488
PC-18745,"Pamela Coakley",CA-2014-150245,1573.488
PC-18745,"Pamela Coakley",CA-2014-150245,1573.488
PC-18745,"Pamela Coakley",CA-2014-150245,1573.488
BO-11425,"Bobby Odegard",CA-2017-158386,124.75
BO-11425,"Bobby Odegard",CA-2017-158386,124.75
SG-20470,"Sheri Gordon",US-2017-102890,1044.63
SG-20470,"Sheri Gordon",US-2017-102890,1044.63
SG-20470,"Sheri Gordon",US-2017-102890,1044.63
SG-20470,"Sheri Gordon",US-2017-102890,1044.63
SG-20470,"Sheri Gordon",US-2017-102890,1044.63
SG-20470,"Sheri Gordon",US-2017-102890,1044.63
SG-20470,"Sheri Gordon",US-2017-102890,1044.63
MC-18100,"Mick Crebagga",CA-2014-101602,803.9599999999999
MC-18100,"Mick Crebagga",CA-2014-101602,803.9599999999999
MC-18100,"Mick Crebagga",CA-2014-101602,803.9599999999999
MC-18100,"Mick Crebagga",CA-2014-101602,803.9599999999999
MC-18100,"Mick Crebagga",CA-2014-101602,803.9599999999999
MC-18100,"Mick Crebagga",CA-2014-101602,803.9599999999999
MC-18100,"Mick Crebagga",CA-2014-101602,803.9599999999999
MC-18100,"Mick Crebagga",CA-2014-101602,803.9599999999999
MC-18100,"Mick Crebagga",CA-2014-101602,803.9599999999999
NP-18325,"Naresj Patel",CA-2015-131338,3385.614
NP-18325,"Naresj Patel",CA-2015-131338,3385.614
NP-18325,"Naresj Patel",CA-2015-131338,3385.614
NP-18325,"Naresj Patel",CA-2015-131338,3385.614
NP-18325,"Naresj Patel",CA-2015-131338,3385.614
PL-18925,"Paul Lucas",US-2016-113509,83.976
PL-18925,"Paul Lucas",US-2016-113509,83.976
PL-18925,"Paul Lucas",US-2016-113509,83.976
PL-18925,"Paul Lucas",US-2016-113509,83.976
JC-15385,"Jenna Caffey",CA-2017-108560,859.648
JG-15160,"James Galang",CA-2015-157084,1941.81
JG-15160,"James Galang",CA-2015-157084,1941.81
JG-15160,"James Galang",CA-2015-157084,1941.81
JG-15160,"James Galang",CA-2015-157084,1941.81
JG-15160,"James Galang",CA-2015-157084,1941.81
JG-15160,"James Galang",CA-2015-157084,1941.81
JG-15160,"James Galang",CA-2015-157084,1941.81
JG-15160,"James Galang",CA-2015-157084,1941.81
JG-15160,"James Galang",CA-2015-157084,1941.81
FH-14365,"Fred Hopkins",CA-2015-111829,4607.2699999999995
FH-14365,"Fred Hopkins",CA-2015-111829,4607.2699999999995
FH-14365,"Fred Hopkins",CA-2015-111829,4607.2699999999995
FH-14365,"Fred Hopkins",CA-2015-111829,4607.2699999999995
FH-14365,"Fred Hopkins",CA-2015-111829,4607.2699999999995
FH-14365,"Fred Hopkins",CA-2015-111829,4607.2699999999995
HH-15010,"Hilary Holden",CA-2014-135699,123.28
AW-10840,"Anthony Witt",CA-2017-143798,321.248
AW-10840,"Anthony Witt",CA-2017-143798,321.248
AW-10840,"Anthony Witt",CA-2017-143798,321.248
AW-10840,"Anthony Witt",CA-2017-143798,321.248
ND-18370,"Natalie DeCherney",CA-2015-114069,1952.808
ND-18370,"Natalie DeCherney",CA-2015-114069,1952.808
ND-18370,"Natalie DeCherney",CA-2015-114069,1952.808
ND-18370,"Natalie DeCherney",CA-2015-114069,1952.808
ND-18370,"Natalie DeCherney",CA-2015-114069,1952.808
ND-18370,"Natalie DeCherney",CA-2015-114069,1952.808
ND-18370,"Natalie DeCherney",CA-2015-114069,1952.808
ND-18370,"Natalie DeCherney",CA-2015-114069,1952.808
ND-18370,"Natalie DeCherney",CA-2015-114069,1952.808
MM-18055,"Michelle Moray",US-2017-124968,765.625
MM-18055,"Michelle Moray",US-2017-124968,765.625
MM-18055,"Michelle Moray",US-2017-124968,765.625
MM-18055,"Michelle Moray",US-2017-124968,765.625
MM-18055,"Michelle Moray",US-2017-124968,765.625
MM-18055,"Michelle Moray",US-2017-124968,765.625
BN-11515,"Bradley Nguyen",CA-2016-169943,821.2239999999999
BN-11515,"Bradley Nguyen",CA-2016-169943,821.2239999999999
BN-11515,"Bradley Nguyen",CA-2016-169943,821.2239999999999
BN-11515,"Bradley Nguyen",CA-2016-169943,821.2239999999999
FM-14215,"Filia McAdams",US-2017-164056,1048.35
FM-14215,"Filia McAdams",US-2017-164056,1048.35
FM-14215,"Filia McAdams",US-2017-164056,1048.35
FM-14215,"Filia McAdams",US-2017-164056,1048.35
FM-14215,"Filia McAdams",US-2017-164056,1048.35
FM-14215,"Filia McAdams",US-2017-164056,1048.35
FM-14215,"Filia McAdams",US-2017-164056,1048.35
FM-14215,"Filia McAdams",US-2017-164056,1048.35
LH-17155,"Logan Haushalter",US-2016-131149,492.28000000000003
LH-17155,"Logan Haushalter",US-2016-131149,492.28000000000003
LH-17155,"Logan Haushalter",US-2016-131149,492.28000000000003
LH-17155,"Logan Haushalter",US-2016-131149,492.28000000000003
LH-17155,"Logan Haushalter",US-2016-131149,492.28000000000003
LH-17155,"Logan Haushalter",US-2016-131149,492.28000000000003
DP-13000,"Darren Powers",CA-2015-105347,383.61
DP-13000,"Darren Powers",CA-2015-105347,383.61
DP-13000,"Darren Powers",CA-2015-105347,383.61
DP-13000,"Darren Powers",CA-2015-105347,383.61
DP-13000,"Darren Powers",CA-2015-105347,383.61
DP-13000,"Darren Powers",CA-2015-105347,383.61
DP-13000,"Darren Powers",CA-2015-105347,383.61
DP-13000,"Darren Powers",CA-2015-105347,383.61
RP-19855,"Roy Phan",CA-2015-154326,974.9000000000001
RP-19855,"Roy Phan",CA-2015-154326,974.9000000000001
RP-19855,"Roy Phan",CA-2015-154326,974.9000000000001
RP-19855,"Roy Phan",CA-2015-154326,974.9000000000001
RP-19855,"Roy Phan",CA-2015-154326,974.9000000000001
RP-19855,"Roy Phan",CA-2015-154326,974.9000000000001
RP-19855,"Roy Phan",CA-2015-154326,974.9000000000001
RP-19855,"Roy Phan",CA-2015-154326,974.9000000000001
RP-19390,"Resi Pölking",CA-2014-120474,2854.48
RP-19390,"Resi Pölking",CA-2014-120474,2854.48
RP-19390,"Resi Pölking",CA-2014-120474,2854.48
RP-19390,"Resi Pölking",CA-2014-120474,2854.48
RP-19390,"Resi Pölking",CA-2014-120474,2854.48
RP-19390,"Resi Pölking",CA-2014-120474,2854.48
RP-19390,"Resi Pölking",CA-2014-120474,2854.48
RP-19390,"Resi Pölking",CA-2014-120474,2854.48
RP-19390,"Resi Pölking",CA-2014-120474,2854.48
MR-17545,"Mathew Reese",US-2017-139465,448.81800000000004
MR-17545,"Mathew Reese",US-2017-139465,448.81800000000004
MR-17545,"Mathew Reese",US-2017-139465,448.81800000000004
MR-17545,"Mathew Reese",US-2017-139465,448.81800000000004
JA-15970,"Joseph Airdo",CA-2017-158379,4749.327
JA-15970,"Joseph Airdo",CA-2017-158379,4749.327
JA-15970,"Joseph Airdo",CA-2017-158379,4749.327
JA-15970,"Joseph Airdo",CA-2017-158379,4749.327
JA-15970,"Joseph Airdo",CA-2017-158379,4749.327
JA-15970,"Joseph Airdo",CA-2017-158379,4749.327
JA-15970,"Joseph Airdo",CA-2017-158379,4749.327
JA-15970,"Joseph Airdo",CA-2017-158379,4749.327
GK-14620,"Grace Kelly",US-2016-116729,2875.544
GK-14620,"Grace Kelly",US-2016-116729,2875.544
GK-14620,"Grace Kelly",US-2016-116729,2875.544
GK-14620,"Grace Kelly",US-2016-116729,2875.544
GK-14620,"Grace Kelly",US-2016-116729,2875.544
GK-14620,"Grace Kelly",US-2016-116729,2875.544
GK-14620,"Grace Kelly",US-2016-116729,2875.544
PB-19210,"Phillip Breyer",CA-2016-164938,69.93
PB-19210,"Phillip Breyer",CA-2016-164938,69.93
FO-14305,"Frank Olsen",CA-2014-132612,1441.3
FO-14305,"Frank Olsen",CA-2014-132612,1441.3
FO-14305,"Frank Olsen",CA-2014-132612,1441.3
FO-14305,"Frank Olsen",CA-2014-132612,1441.3
FO-14305,"Frank Olsen",CA-2014-132612,1441.3
FO-14305,"Frank Olsen",CA-2014-132612,1441.3
FO-14305,"Frank Olsen",CA-2014-132612,1441.3
FO-14305,"Frank Olsen",CA-2014-132612,1441.3
FO-14305,"Frank Olsen",CA-2014-132612,1441.3
FO-14305,"Frank Olsen",CA-2014-132612,1441.3
CH-12070,"Cathy Hwang",CA-2016-109344,1127.976
CH-12070,"Cathy Hwang",CA-2016-109344,1127.976
CH-12070,"Cathy Hwang",CA-2016-109344,1127.976
SL-20155,"Sara Luxemburg",CA-2017-145884,1702.0300000000002
SL-20155,"Sara Luxemburg",CA-2017-145884,1702.0300000000002
SL-20155,"Sara Luxemburg",CA-2017-145884,1702.0300000000002
SL-20155,"Sara Luxemburg",CA-2017-145884,1702.0300000000002
SL-20155,"Sara Luxemburg",CA-2017-145884,1702.0300000000002
SL-20155,"Sara Luxemburg",CA-2017-145884,1702.0300000000002
AS-10045,"Aaron Smayling",CA-2017-162691,1476.27
AS-10045,"Aaron Smayling",CA-2017-162691,1476.27
AS-10045,"Aaron Smayling",CA-2017-162691,1476.27
AS-10045,"Aaron Smayling",CA-2017-162691,1476.27
AS-10045,"Aaron Smayling",CA-2017-162691,1476.27
AS-10045,"Aaron Smayling",CA-2017-162691,1476.27
AS-10045,"Aaron Smayling",CA-2017-162691,1476.27
NH-18610,"Nicole Hansen",CA-2017-122693,1245.86
NH-18610,"Nicole Hansen",CA-2017-122693,1245.86
NH-18610,"Nicole Hansen",CA-2017-122693,1245.86
NH-18610,"Nicole Hansen",CA-2017-122693,1245.86
NH-18610,"Nicole Hansen",CA-2017-122693,1245.86
NH-18610,"Nicole Hansen",CA-2017-122693,1245.86
NH-18610,"Nicole Hansen",CA-2017-122693,1245.86
DA-13450,"Dianna Arnett",US-2017-158512,77.75999999999999
DA-13450,"Dianna Arnett",US-2017-158512,77.75999999999999
DA-13450,"Dianna Arnett",US-2017-158512,77.75999999999999
DA-13450,"Dianna Arnett",US-2017-158512,77.75999999999999
RK-19300,"Ralph Kennedy",CA-2015-160472,1238.3300000000002
RK-19300,"Ralph Kennedy",CA-2015-160472,1238.3300000000002
NC-18625,"Noah Childs",US-2016-100839,752.4100000000001
NC-18625,"Noah Childs",US-2016-100839,752.4100000000001
NC-18625,"Noah Childs",US-2016-100839,752.4100000000001
NC-18625,"Noah Childs",US-2016-100839,752.4100000000001
NC-18625,"Noah Childs",US-2016-100839,752.4100000000001
ME-18010,"Michelle Ellison",CA-2014-116932,1173.616
ME-18010,"Michelle Ellison",CA-2014-116932,1173.616
ME-18010,"Michelle Ellison",CA-2014-116932,1173.616
ME-18010,"Michelle Ellison",CA-2014-116932,1173.616
EH-14005,"Erica Hernandez",CA-2014-140165,405.45599999999996
EH-14005,"Erica Hernandez",CA-2014-140165,405.45599999999996
EH-14005,"Erica Hernandez",CA-2014-140165,405.45599999999996
EH-14005,"Erica Hernandez",CA-2014-140165,405.45599999999996
EH-14005,"Erica Hernandez",CA-2014-140165,405.45599999999996
EH-14005,"Erica Hernandez",CA-2014-140165,405.45599999999996
EH-14005,"Erica Hernandez",CA-2014-140165,405.45599999999996
AC-10450,"Amy Cox",CA-2017-141789,1793.98
AC-10450,"Amy Cox",CA-2017-141789,1793.98
AC-10450,"Amy Cox",CA-2017-141789,1793.98
AC-10450,"Amy Cox",CA-2017-141789,1793.98
AC-10450,"Amy Cox",CA-2017-141789,1793.98
AC-10450,"Amy Cox",CA-2017-141789,1793.98
AC-10450,"Amy Cox",CA-2017-141789,1793.98
RA-19945,"Ryan Akin",CA-2014-169775,709.0425
RA-19945,"Ryan Akin",CA-2014-169775,709.0425
RA-19945,"Ryan Akin",CA-2014-169775,709.0425
RA-19945,"Ryan Akin",CA-2014-169775,709.0425
RA-19945,"Ryan Akin",CA-2014-169775,709.0425
MD-17860,"Michael Dominguez",CA-2017-154410,909.12
MD-17860,"Michael Dominguez",CA-2017-154410,909.12
MD-17860,"Michael Dominguez",CA-2017-154410,909.12
MD-17860,"Michael Dominguez",CA-2017-154410,909.12
MD-17860,"Michael Dominguez",CA-2017-154410,909.12
AC-10615,"Ann Chong",CA-2017-157987,2255.868
AC-10615,"Ann Chong",CA-2017-157987,2255.868
AC-10615,"Ann Chong",CA-2017-157987,2255.868
AC-10615,"Ann Chong",CA-2017-157987,2255.868
AS-10225,"Alan Schoenberger",CA-2014-110408,2216.8
AS-10225,"Alan Schoenberger",CA-2014-110408,2216.8
AS-10225,"Alan Schoenberger",CA-2014-110408,2216.8
AS-10225,"Alan Schoenberger",CA-2014-110408,2216.8
AS-10225,"Alan Schoenberger",CA-2014-110408,2216.8
CB-12415,"Christy Brittain",CA-2016-147417,1439.976
CB-12415,"Christy Brittain",CA-2016-147417,1439.976
CB-12415,"Christy Brittain",CA-2016-147417,1439.976
CB-12415,"Christy Brittain",CA-2016-147417,1439.976
CB-12415,"Christy Brittain",CA-2016-147417,1439.976
CB-12415,"Christy Brittain",CA-2016-147417,1439.976
CB-12415,"Christy Brittain",CA-2016-147417,1439.976
AS-10090,"Adam Shillingsburg",CA-2015-127509,1085.16
AS-10090,"Adam Shillingsburg",CA-2015-127509,1085.16
AS-10090,"Adam Shillingsburg",CA-2015-127509,1085.16
AS-10090,"Adam Shillingsburg",CA-2015-127509,1085.16
AS-10090,"Adam Shillingsburg",CA-2015-127509,1085.16
AS-10090,"Adam Shillingsburg",CA-2015-127509,1085.16
AS-10090,"Adam Shillingsburg",CA-2015-127509,1085.16
JW-15955,"Joni Wasserman",CA-2017-163510,400.39
JW-15955,"Joni Wasserman",CA-2017-163510,400.39
JW-15955,"Joni Wasserman",CA-2017-163510,400.39
JW-15955,"Joni Wasserman",CA-2017-163510,400.39
JW-15955,"Joni Wasserman",CA-2017-163510,400.39
JW-15955,"Joni Wasserman",CA-2017-163510,400.39
SC-20800,"Stuart Calhoun",CA-2015-155761,206.328
SC-20800,"Stuart Calhoun",CA-2015-155761,206.328
SC-20800,"Stuart Calhoun",CA-2015-155761,206.328
SC-20800,"Stuart Calhoun",CA-2015-155761,206.328
GP-14740,"Guy Phonely",CA-2015-117961,176.89
GP-14740,"Guy Phonely",CA-2015-117961,176.89
TP-21130,"Theone Pippenger",CA-2017-120376,2283.4300000000003
TP-21130,"Theone Pippenger",CA-2017-120376,2283.4300000000003
TP-21130,"Theone Pippenger",CA-2017-120376,2283.4300000000003
TP-21130,"Theone Pippenger",CA-2017-120376,2283.4300000000003
TP-21130,"Theone Pippenger",CA-2017-120376,2283.4300000000003
TP-21130,"Theone Pippenger",CA-2017-120376,2283.4300000000003
TP-21130,"Theone Pippenger",CA-2017-120376,2283.4300000000003
TP-21130,"Theone Pippenger",CA-2017-120376,2283.4300000000003
TP-21130,"Theone Pippenger",CA-2017-120376,2283.4300000000003
GG-14650,"Greg Guthrie",CA-2014-106439,1007.9359999999999
GG-14650,"Greg Guthrie",CA-2014-106439,1007.9359999999999
GG-14650,"Greg Guthrie",CA-2014-106439,1007.9359999999999
GG-14650,"Greg Guthrie",CA-2014-106439,1007.9359999999999
GG-14650,"Greg Guthrie",CA-2014-106439,1007.9359999999999
GG-14650,"Greg Guthrie",CA-2014-106439,1007.9359999999999
GG-14650,"Greg Guthrie",CA-2014-106439,1007.9359999999999
GG-14650,"Greg Guthrie",CA-2014-106439,1007.9359999999999
GG-14650,"Greg Guthrie",CA-2014-106439,1007.9359999999999
BF-11080,"Bart Folk",CA-2017-140676,225.60999999999999
BF-11080,"Bart Folk",CA-2017-140676,225.60999999999999
BF-11080,"Bart Folk",CA-2017-140676,225.60999999999999
SG-20080,"Sandra Glassco",CA-2015-164882,2562.1710000000003
SG-20080,"Sandra Glassco",CA-2015-164882,2562.1710000000003
SG-20080,"Sandra Glassco",CA-2015-164882,2562.1710000000003
TS-21085,"Thais Sissman",US-2017-168690,2.808
TS-21085,"Thais Sissman",US-2017-168690,2.808
TS-21160,"Theresa Swint",US-2016-152051,714.498
TS-21160,"Theresa Swint",US-2016-152051,714.498
TS-21160,"Theresa Swint",US-2016-152051,714.498
TS-21160,"Theresa Swint",US-2016-152051,714.498
TS-21160,"Theresa Swint",US-2016-152051,714.498
TS-21160,"Theresa Swint",US-2016-152051,714.498
CJ-12010,"Caroline Jumper",CA-2016-128818,4750.744
CJ-12010,"Caroline Jumper",CA-2016-128818,4750.744
CJ-12010,"Caroline Jumper",CA-2016-128818,4750.744
CJ-12010,"Caroline Jumper",CA-2016-128818,4750.744
CJ-12010,"Caroline Jumper",CA-2016-128818,4750.744
CJ-12010,"Caroline Jumper",CA-2016-128818,4750.744
CJ-12010,"Caroline Jumper",CA-2016-128818,4750.744
CJ-12010,"Caroline Jumper",CA-2016-128818,4750.744
IL-15100,"Ivan Liston",CA-2017-143063,1645.87
IL-15100,"Ivan Liston",CA-2017-143063,1645.87
IL-15100,"Ivan Liston",CA-2017-143063,1645.87
IL-15100,"Ivan Liston",CA-2017-143063,1645.87
IL-15100,"Ivan Liston",CA-2017-143063,1645.87
IL-15100,"Ivan Liston",CA-2017-143063,1645.87
LT-17110,"Liz Thompson",US-2014-165659,904.13
LT-17110,"Liz Thompson",US-2014-165659,904.13
LT-17110,"Liz Thompson",US-2014-165659,904.13
LT-17110,"Liz Thompson",US-2014-165659,904.13
LT-17110,"Liz Thompson",US-2014-165659,904.13
LT-17110,"Liz Thompson",US-2014-165659,904.13
LT-17110,"Liz Thompson",US-2014-165659,904.13
LT-17110,"Liz Thompson",US-2014-165659,904.13
MH-17620,"Matt Hagelstein",CA-2017-130841,1170.5639999999999
MH-17620,"Matt Hagelstein",CA-2017-130841,1170.5639999999999
MH-17620,"Matt Hagelstein",CA-2017-130841,1170.5639999999999
MH-17620,"Matt Hagelstein",CA-2017-130841,1170.5639999999999
JH-15820,"John Huston",CA-2017-132122,228.92
JH-15820,"John Huston",CA-2017-132122,228.92
JH-15820,"John Huston",CA-2017-132122,228.92
JH-15820,"John Huston",CA-2017-132122,228.92
JH-15820,"John Huston",CA-2017-132122,228.92
JH-15820,"John Huston",CA-2017-132122,228.92
TG-21310,"Toby Gnade",CA-2016-146633,1054.928
TG-21310,"Toby Gnade",CA-2016-146633,1054.928
TG-21310,"Toby Gnade",CA-2016-146633,1054.928
TG-21310,"Toby Gnade",CA-2016-146633,1054.928
TG-21310,"Toby Gnade",CA-2016-146633,1054.928
BF-11005,"Barry Franz",CA-2017-103380,739.736
BF-11005,"Barry Franz",CA-2017-103380,739.736
BF-11005,"Barry Franz",CA-2017-103380,739.736
BF-11005,"Barry Franz",CA-2017-103380,739.736
TS-21610,"Troy Staebel",CA-2017-105214,1212.96
TS-21610,"Troy Staebel",CA-2017-105214,1212.96
TS-21610,"Troy Staebel",CA-2017-105214,1212.96
TS-21610,"Troy Staebel",CA-2017-105214,1212.96
TS-21610,"Troy Staebel",CA-2017-105214,1212.96
TS-21610,"Troy Staebel",CA-2017-105214,1212.96
TS-21610,"Troy Staebel",CA-2017-105214,1212.96
MZ-17335,"Maria Zettner",CA-2015-117611,376.97
MZ-17335,"Maria Zettner",CA-2015-117611,376.97
MZ-17335,"Maria Zettner",CA-2015-117611,376.97
MZ-17335,"Maria Zettner",CA-2015-117611,376.97
AA-10375,"Allen Armold",CA-2016-131065,513.52
AA-10375,"Allen Armold",CA-2016-131065,513.52
AA-10375,"Allen Armold",CA-2016-131065,513.52
AA-10375,"Allen Armold",CA-2016-131065,513.52
AA-10375,"Allen Armold",CA-2016-131065,513.52
AA-10375,"Allen Armold",CA-2016-131065,513.52
AA-10375,"Allen Armold",CA-2016-131065,513.52
AA-10375,"Allen Armold",CA-2016-131065,513.52
AA-10375,"Allen Armold",CA-2016-131065,513.52
JL-15850,"John Lucas",CA-2015-142944,1555.244
JL-15850,"John Lucas",CA-2015-142944,1555.244
JL-15850,"John Lucas",CA-2015-142944,1555.244
JL-15850,"John Lucas",CA-2015-142944,1555.244
JL-15850,"John Lucas",CA-2015-142944,1555.244
JL-15850,"John Lucas",CA-2015-142944,1555.244
VD-21670,"Valerie Dominguez",CA-2015-113145,2220.06
VD-21670,"Valerie Dominguez",CA-2015-113145,2220.06
VD-21670,"Valerie Dominguez",CA-2015-113145,2220.06
VD-21670,"Valerie Dominguez",CA-2015-113145,2220.06
VD-21670,"Valerie Dominguez",CA-2015-113145,2220.06
VD-21670,"Valerie Dominguez",CA-2015-113145,2220.06
MO-17800,"Meg O'Connel",CA-2017-157931,830.24
MO-17800,"Meg O'Connel",CA-2017-157931,830.24
MO-17800,"Meg O'Connel",CA-2017-157931,830.24
MO-17800,"Meg O'Connel",CA-2017-157931,830.24
MO-17800,"Meg O'Connel",CA-2017-157931,830.24
MO-17800,"Meg O'Connel",CA-2017-157931,830.24
EM-13825,"Elizabeth Moffitt",CA-2017-122035,1107.68
EM-13825,"Elizabeth Moffitt",CA-2017-122035,1107.68
EM-13825,"Elizabeth Moffitt",CA-2017-122035,1107.68
EM-13825,"Elizabeth Moffitt",CA-2017-122035,1107.68
EM-13825,"Elizabeth Moffitt",CA-2017-122035,1107.68
EM-13825,"Elizabeth Moffitt",CA-2017-122035,1107.68
EM-13825,"Elizabeth Moffitt",CA-2017-122035,1107.68
EM-13825,"Elizabeth Moffitt",CA-2017-122035,1107.68
SC-20260,"Scott Cohen",CA-2015-111514,1966.5569999999998
SC-20260,"Scott Cohen",CA-2015-111514,1966.5569999999998
SC-20260,"Scott Cohen",CA-2015-111514,1966.5569999999998
SC-20260,"Scott Cohen",CA-2015-111514,1966.5569999999998
SC-20260,"Scott Cohen",CA-2015-111514,1966.5569999999998
SC-20260,"Scott Cohen",CA-2015-111514,1966.5569999999998
SC-20260,"Scott Cohen",CA-2015-111514,1966.5569999999998
CP-12340,"Christine Phan",US-2014-148838,3455.13
CP-12340,"Christine Phan",US-2014-148838,3455.13
CP-12340,"Christine Phan",US-2014-148838,3455.13
CP-12340,"Christine Phan",US-2014-148838,3455.13
CP-12340,"Christine Phan",US-2014-148838,3455.13
CP-12340,"Christine Phan",US-2014-148838,3455.13
CP-12340,"Christine Phan",US-2014-148838,3455.13
SG-20605,"Speros Goranitis",US-2015-127040,1782.17
SG-20605,"Speros Goranitis",US-2015-127040,1782.17
SG-20605,"Speros Goranitis",US-2015-127040,1782.17
SG-20605,"Speros Goranitis",US-2015-127040,1782.17
SG-20605,"Speros Goranitis",US-2015-127040,1782.17
MG-18145,"Mike Gockenbach",CA-2017-108574,1244.654
MG-18145,"Mike Gockenbach",CA-2017-108574,1244.654
MG-18145,"Mike Gockenbach",CA-2017-108574,1244.654
TB-21595,"Troy Blackwell",CA-2016-156300,754.45
TB-21595,"Troy Blackwell",CA-2016-156300,754.45
TB-21595,"Troy Blackwell",CA-2016-156300,754.45
TB-21595,"Troy Blackwell",CA-2016-156300,754.45
TB-21595,"Troy Blackwell",CA-2016-156300,754.45
ML-18040,"Michelle Lonsdale",CA-2017-168655,674.872
ML-18040,"Michelle Lonsdale",CA-2017-168655,674.872
LC-16930,"Linda Cazamias",CA-2016-107202,2396.4
LC-16930,"Linda Cazamias",CA-2016-107202,2396.4
LC-16930,"Linda Cazamias",CA-2016-107202,2396.4
LC-16930,"Linda Cazamias",CA-2016-107202,2396.4
LC-16930,"Linda Cazamias",CA-2016-107202,2396.4
LC-16930,"Linda Cazamias",CA-2016-107202,2396.4
LC-16930,"Linda Cazamias",CA-2016-107202,2396.4
LC-16930,"Linda Cazamias",CA-2016-107202,2396.4
PJ-18835,"Patrick Jones",CA-2015-154746,860.07
PJ-18835,"Patrick Jones",CA-2015-154746,860.07
PJ-18835,"Patrick Jones",CA-2015-154746,860.07
PJ-18835,"Patrick Jones",CA-2015-154746,860.07
PJ-18835,"Patrick Jones",CA-2015-154746,860.07
PJ-18835,"Patrick Jones",CA-2015-154746,860.07
PJ-18835,"Patrick Jones",CA-2015-154746,860.07
PJ-18835,"Patrick Jones",CA-2015-154746,860.07
AF-10870,"Art Ferguson",CA-2016-146934,1562.0860000000002
AF-10870,"Art Ferguson",CA-2016-146934,1562.0860000000002
AF-10870,"Art Ferguson",CA-2016-146934,1562.0860000000002
AF-10870,"Art Ferguson",CA-2016-146934,1562.0860000000002
AF-10870,"Art Ferguson",CA-2016-146934,1562.0860000000002
AF-10870,"Art Ferguson",CA-2016-146934,1562.0860000000002
MK-18160,"Mike Kennedy",CA-2017-128755,629.86
MK-18160,"Mike Kennedy",CA-2017-128755,629.86
MK-18160,"Mike Kennedy",CA-2017-128755,629.86
CM-11935,"Carlos Meador",US-2016-135923,530.272
CM-11935,"Carlos Meador",US-2016-135923,530.272
PF-19225,"Phillip Flathmann",CA-2016-114972,1489.724
PF-19225,"Phillip Flathmann",CA-2016-114972,1489.724
PF-19225,"Phillip Flathmann",CA-2016-114972,1489.724
PF-19225,"Phillip Flathmann",CA-2016-114972,1489.724
KN-16705,"Kristina Nunn",CA-2017-126067,1278.158
KN-16705,"Kristina Nunn",CA-2017-126067,1278.158
KN-16705,"Kristina Nunn",CA-2017-126067,1278.158
KN-16705,"Kristina Nunn",CA-2017-126067,1278.158
KN-16705,"Kristina Nunn",CA-2017-126067,1278.158
KN-16705,"Kristina Nunn",CA-2017-126067,1278.158
KN-16705,"Kristina Nunn",CA-2017-126067,1278.158
TB-21250,"Tim Brockman",CA-2015-141040,655.88
TB-21250,"Tim Brockman",CA-2015-141040,655.88
TB-21250,"Tim Brockman",CA-2015-141040,655.88
TB-21250,"Tim Brockman",CA-2015-141040,655.88
TB-21250,"Tim Brockman",CA-2015-141040,655.88
TB-21250,"Tim Brockman",CA-2015-141040,655.88
JM-15865,"John Murray",CA-2014-144624,4548.81
JM-15865,"John Murray",CA-2014-144624,4548.81
JM-15865,"John Murray",CA-2014-144624,4548.81
JM-15865,"John Murray",CA-2014-144624,4548.81
JM-15865,"John Murray",CA-2014-144624,4548.81
JM-15865,"John Murray",CA-2014-144624,4548.81
JM-15865,"John Murray",CA-2014-144624,4548.81
SC-20575,"Sonia Cooley",CA-2014-136644,647.84
SC-20575,"Sonia Cooley",CA-2014-136644,647.84
SC-20575,"Sonia Cooley",CA-2014-136644,647.84
SC-20575,"Sonia Cooley",CA-2014-136644,647.84
SC-20575,"Sonia Cooley",CA-2014-136644,647.84
KL-16645,"Ken Lonsdale",CA-2014-143917,8319.289999999999
KL-16645,"Ken Lonsdale",CA-2014-143917,8319.289999999999
KL-16645,"Ken Lonsdale",CA-2014-143917,8319.289999999999
KL-16645,"Ken Lonsdale",CA-2014-143917,8319.289999999999
KL-16645,"Ken Lonsdale",CA-2014-143917,8319.289999999999
KL-16645,"Ken Lonsdale",CA-2014-143917,8319.289999999999
KL-16645,"Ken Lonsdale",CA-2014-143917,8319.289999999999
KL-16645,"Ken Lonsdale",CA-2014-143917,8319.289999999999
AW-10930,"Arthur Wiediger",CA-2016-136812,1117.92
AW-10930,"Arthur Wiediger",CA-2016-136812,1117.92
AW-10930,"Arthur Wiediger",CA-2016-136812,1117.92
AW-10930,"Arthur Wiediger",CA-2016-136812,1117.92
AW-10930,"Arthur Wiediger",CA-2016-136812,1117.92
AW-10930,"Arthur Wiediger",CA-2016-136812,1117.92
AW-10930,"Arthur Wiediger",CA-2016-136812,1117.92
KW-16570,"Kelly Williams",CA-2015-102722,106.5
KW-16570,"Kelly Williams",CA-2015-102722,106.5
KW-16570,"Kelly Williams",CA-2015-102722,106.5
KW-16570,"Kelly Williams",CA-2015-102722,106.5
PB-19105,"Peter Bühler",CA-2014-128888,604.656
PB-19105,"Peter Bühler",CA-2014-128888,604.656
PB-19105,"Peter Bühler",CA-2014-128888,604.656
PB-19105,"Peter Bühler",CA-2014-128888,604.656
CD-12790,"Cynthia Delaney",CA-2016-124352,1058.27
CD-12790,"Cynthia Delaney",CA-2016-124352,1058.27
CD-12790,"Cynthia Delaney",CA-2016-124352,1058.27
CD-12790,"Cynthia Delaney",CA-2016-124352,1058.27
CD-12790,"Cynthia Delaney",CA-2016-124352,1058.27
DL-13495,"Dionis Lloyd",US-2017-117723,1801.632
DL-13495,"Dionis Lloyd",US-2017-117723,1801.632
DL-13495,"Dionis Lloyd",US-2017-117723,1801.632
DL-13495,"Dionis Lloyd",US-2017-117723,1801.632
DL-13495,"Dionis Lloyd",US-2017-117723,1801.632
DL-13495,"Dionis Lloyd",US-2017-117723,1801.632
DL-13495,"Dionis Lloyd",US-2017-117723,1801.632
DL-13495,"Dionis Lloyd",US-2017-117723,1801.632
EM-13810,"Eleni McCrary",CA-2015-113404,2048.8559999999998
EM-13810,"Eleni McCrary",CA-2015-113404,2048.8559999999998
EM-13810,"Eleni McCrary",CA-2015-113404,2048.8559999999998
EM-13810,"Eleni McCrary",CA-2015-113404,2048.8559999999998
EM-13810,"Eleni McCrary",CA-2015-113404,2048.8559999999998
NB-18580,"Nicole Brennan",CA-2014-164385,143.952
NB-18580,"Nicole Brennan",CA-2014-164385,143.952
JC-15775,"John Castell",CA-2016-118626,705.544
JC-15775,"John Castell",CA-2016-118626,705.544
JC-15775,"John Castell",CA-2016-118626,705.544
JC-15775,"John Castell",CA-2016-118626,705.544
JC-15775,"John Castell",CA-2016-118626,705.544
JC-15775,"John Castell",CA-2016-118626,705.544
JC-15775,"John Castell",CA-2016-118626,705.544
JC-15775,"John Castell",CA-2016-118626,705.544
JC-15775,"John Castell",CA-2016-118626,705.544
TM-21010,"Tamara Manning",CA-2015-147788,1745.71
TM-21010,"Tamara Manning",CA-2015-147788,1745.71
TM-21010,"Tamara Manning",CA-2015-147788,1745.71
TM-21010,"Tamara Manning",CA-2015-147788,1745.71
TM-21010,"Tamara Manning",CA-2015-147788,1745.71
TM-21010,"Tamara Manning",CA-2015-147788,1745.71
TM-21010,"Tamara Manning",CA-2015-147788,1745.71
TM-21010,"Tamara Manning",CA-2015-147788,1745.71
SF-20200,"Sarah Foster",CA-2017-123967,2690.74
SF-20200,"Sarah Foster",CA-2017-123967,2690.74
SF-20200,"Sarah Foster",CA-2017-123967,2690.74
SF-20200,"Sarah Foster",CA-2017-123967,2690.74
SF-20200,"Sarah Foster",CA-2017-123967,2690.74
SF-20200,"Sarah Foster",CA-2017-123967,2690.74
SF-20200,"Sarah Foster",CA-2017-123967,2690.74
SF-20200,"Sarah Foster",CA-2017-123967,2690.74
SF-20200,"Sarah Foster",CA-2017-123967,2690.74
CM-12235,"Chris McAfee",CA-2016-155845,1399.944
CM-12235,"Chris McAfee",CA-2016-155845,1399.944
CM-12235,"Chris McAfee",CA-2016-155845,1399.944
CM-12235,"Chris McAfee",CA-2016-155845,1399.944
CM-12235,"Chris McAfee",CA-2016-155845,1399.944
EN-13780,"Edward Nazzal",CA-2016-165848,1501.574
EN-13780,"Edward Nazzal",CA-2016-165848,1501.574
EN-13780,"Edward Nazzal",CA-2016-165848,1501.574
MC-17590,"Matt Collister",CA-2014-127446,1273.6229999999998
MC-17590,"Matt Collister",CA-2014-127446,1273.6229999999998
MC-17590,"Matt Collister",CA-2014-127446,1273.6229999999998
MC-17590,"Matt Collister",CA-2014-127446,1273.6229999999998
MC-17590,"Matt Collister",CA-2014-127446,1273.6229999999998
MC-17590,"Matt Collister",CA-2014-127446,1273.6229999999998
AG-10300,"Aleksandra Gannaway",CA-2014-147298,230.28
AG-10300,"Aleksandra Gannaway",CA-2014-147298,230.28
AG-10300,"Aleksandra Gannaway",CA-2014-147298,230.28
AG-10300,"Aleksandra Gannaway",CA-2014-147298,230.28
TA-21385,"Tom Ashbrook",CA-2017-127180,13716.458
TA-21385,"Tom Ashbrook",CA-2017-127180,13716.458
TA-21385,"Tom Ashbrook",CA-2017-127180,13716.458
JF-15295,"Jason Fortune-",US-2017-110604,303.544
JF-15295,"Jason Fortune-",US-2017-110604,303.544
JF-15295,"Jason Fortune-",US-2017-110604,303.544
JF-15295,"Jason Fortune-",US-2017-110604,303.544
JF-15295,"Jason Fortune-",US-2017-110604,303.544
TT-21265,"Tim Taslimi",CA-2015-162369,323.1
TT-21265,"Tim Taslimi",CA-2015-162369,323.1
TT-21265,"Tim Taslimi",CA-2015-162369,323.1
SB-20170,"Sarah Bern",CA-2017-108441,954.548
SB-20170,"Sarah Bern",CA-2017-108441,954.548
SB-20170,"Sarah Bern",CA-2017-108441,954.548
DG-13300,"Deirdre Greer",CA-2017-123372,2059.85
DG-13300,"Deirdre Greer",CA-2017-123372,2059.85
DG-13300,"Deirdre Greer",CA-2017-123372,2059.85
DG-13300,"Deirdre Greer",CA-2017-123372,2059.85
DG-13300,"Deirdre Greer",CA-2017-123372,2059.85
RR-19525,"Rick Reed",CA-2014-126403,2304.37
RR-19525,"Rick Reed",CA-2014-126403,2304.37
RR-19525,"Rick Reed",CA-2014-126403,2304.37
RR-19525,"Rick Reed",CA-2014-126403,2304.37
RR-19525,"Rick Reed",CA-2014-126403,2304.37
RR-19525,"Rick Reed",CA-2014-126403,2304.37
SM-20320,"Sean Miller",CA-2014-145317,23661.228
SM-20320,"Sean Miller",CA-2014-145317,23661.228
SM-20320,"Sean Miller",CA-2014-145317,23661.228
SM-20320,"Sean Miller",CA-2014-145317,23661.228
SM-20320,"Sean Miller",CA-2014-145317,23661.228
JD-16015,"Joy Daniels",CA-2017-156818,132.6
JD-16015,"Joy Daniels",CA-2017-156818,132.6
JD-16015,"Joy Daniels",CA-2017-156818,132.6
JD-16015,"Joy Daniels",CA-2017-156818,132.6
JD-16015,"Joy Daniels",CA-2017-156818,132.6
CC-12145,"Charles Crestani",CA-2015-121797,2147.3360000000002
CC-12145,"Charles Crestani",CA-2015-121797,2147.3360000000002
CC-12145,"Charles Crestani",CA-2015-121797,2147.3360000000002
CC-12145,"Charles Crestani",CA-2015-121797,2147.3360000000002
CC-12145,"Charles Crestani",CA-2015-121797,2147.3360000000002
CC-12145,"Charles Crestani",CA-2015-121797,2147.3360000000002
SK-19990,"Sally Knutson",CA-2017-119193,631.5989999999999
SK-19990,"Sally Knutson",CA-2017-119193,631.5989999999999
SK-19990,"Sally Knutson",CA-2017-119193,631.5989999999999
GA-14515,"George Ashbrook",CA-2015-155306,2572.5
GA-14515,"George Ashbrook",CA-2015-155306,2572.5
GA-14515,"George Ashbrook",CA-2015-155306,2572.5
GA-14515,"George Ashbrook",CA-2015-155306,2572.5
GA-14515,"George Ashbrook",CA-2015-155306,2572.5
GA-14515,"George Ashbrook",CA-2015-155306,2572.5
JP-16135,"Julie Prescott",CA-2016-146171,558.24
JP-16135,"Julie Prescott",CA-2016-146171,558.24
JP-16135,"Julie Prescott",CA-2016-146171,558.24
JP-16135,"Julie Prescott",CA-2016-146171,558.24
JP-16135,"Julie Prescott",CA-2016-146171,558.24
JP-16135,"Julie Prescott",CA-2016-146171,558.24
JP-16135,"Julie Prescott",CA-2016-146171,558.24
JP-16135,"Julie Prescott",CA-2016-146171,558.24
RW-19690,"Robert Waldorf",CA-2017-167752,1958.544
RW-19690,"Robert Waldorf",CA-2017-167752,1958.544
RW-19690,"Robert Waldorf",CA-2017-167752,1958.544
RW-19690,"Robert Waldorf",CA-2017-167752,1958.544
RW-19690,"Robert Waldorf",CA-2017-167752,1958.544
MO-17950,"Michael Oakman",US-2015-122140,130.288
MO-17950,"Michael Oakman",US-2015-122140,130.288
KN-16450,"Kean Nguyen",CA-2014-154599,1840.043
KN-16450,"Kean Nguyen",CA-2014-154599,1840.043
KN-16450,"Kean Nguyen",CA-2014-154599,1840.043
KN-16450,"Kean Nguyen",CA-2014-154599,1840.043
KN-16450,"Kean Nguyen",CA-2014-154599,1840.043
JS-15595,"Jill Stevenson",CA-2016-153318,783.96
JS-15595,"Jill Stevenson",CA-2016-153318,783.96
JS-15595,"Jill Stevenson",CA-2016-153318,783.96
JS-15595,"Jill Stevenson",CA-2016-153318,783.96
MP-18175,"Mike Pelletier",CA-2015-135685,2233.02
MP-18175,"Mike Pelletier",CA-2015-135685,2233.02
MP-18175,"Mike Pelletier",CA-2015-135685,2233.02
MP-18175,"Mike Pelletier",CA-2015-135685,2233.02
MP-18175,"Mike Pelletier",CA-2015-135685,2233.02
MP-18175,"Mike Pelletier",CA-2015-135685,2233.02
MP-18175,"Mike Pelletier",CA-2015-135685,2233.02
MP-18175,"Mike Pelletier",CA-2015-135685,2233.02
MP-18175,"Mike Pelletier",CA-2015-135685,2233.02
BG-11695,"Brooke Gillingham",US-2016-162852,845.488
BG-11695,"Brooke Gillingham",US-2016-162852,845.488
BG-11695,"Brooke Gillingham",US-2016-162852,845.488
BG-11695,"Brooke Gillingham",US-2016-162852,845.488
BG-11695,"Brooke Gillingham",US-2016-162852,845.488
BG-11695,"Brooke Gillingham",US-2016-162852,845.488
SN-20560,"Skye Norling",CA-2017-152093,762.594
SN-20560,"Skye Norling",CA-2017-152093,762.594
SN-20560,"Skye Norling",CA-2017-152093,762.594
SN-20560,"Skye Norling",CA-2017-152093,762.594
SN-20560,"Skye Norling",CA-2017-152093,762.594
SN-20560,"Skye Norling",CA-2017-152093,762.594
DM-13345,"Denise Monton",CA-2017-157854,2747.25
DM-13345,"Denise Monton",CA-2017-157854,2747.25
DM-13345,"Denise Monton",CA-2017-157854,2747.25
DM-13345,"Denise Monton",CA-2017-157854,2747.25
DM-13345,"Denise Monton",CA-2017-157854,2747.25
DM-13345,"Denise Monton",CA-2017-157854,2747.25
DM-13345,"Denise Monton",CA-2017-157854,2747.25
DM-13345,"Denise Monton",CA-2017-157854,2747.25
DJ-13510,"Don Jones",CA-2016-128594,1603.136
DJ-13510,"Don Jones",CA-2016-128594,1603.136
DJ-13510,"Don Jones",CA-2016-128594,1603.136
DJ-13510,"Don Jones",CA-2016-128594,1603.136
DJ-13510,"Don Jones",CA-2016-128594,1603.136
DJ-13510,"Don Jones",CA-2016-128594,1603.136
DJ-13510,"Don Jones",CA-2016-128594,1603.136
DJ-13510,"Don Jones",CA-2016-128594,1603.136
SC-20380,"Shahid Collister",CA-2017-138975,2361.52
SC-20380,"Shahid Collister",CA-2017-138975,2361.52
SC-20380,"Shahid Collister",CA-2017-138975,2361.52
SC-20380,"Shahid Collister",CA-2017-138975,2361.52
SC-20380,"Shahid Collister",CA-2017-138975,2361.52
SC-20380,"Shahid Collister",CA-2017-138975,2361.52
SC-20380,"Shahid Collister",CA-2017-138975,2361.52
SC-20380,"Shahid Collister",CA-2017-138975,2361.52
SC-20380,"Shahid Collister",CA-2017-138975,2361.52
BF-11275,"Beth Fritzler",CA-2014-148040,388.70399999999995
BF-11275,"Beth Fritzler",CA-2014-148040,388.70399999999995
BF-11275,"Beth Fritzler",CA-2014-148040,388.70399999999995
TD-20995,"Tamara Dahlen",US-2016-167339,1167.056
TD-20995,"Tamara Dahlen",US-2016-167339,1167.056
TD-20995,"Tamara Dahlen",US-2016-167339,1167.056
TD-20995,"Tamara Dahlen",US-2016-167339,1167.056
TD-20995,"Tamara Dahlen",US-2016-167339,1167.056
TD-20995,"Tamara Dahlen",US-2016-167339,1167.056
TD-20995,"Tamara Dahlen",US-2016-167339,1167.056
TD-20995,"Tamara Dahlen",US-2016-167339,1167.056
TD-20995,"Tamara Dahlen",US-2016-167339,1167.056
EB-13975,"Erica Bern",US-2016-164630,959.968
EB-13975,"Erica Bern",US-2016-164630,959.968
EB-13975,"Erica Bern",US-2016-164630,959.968
EB-13975,"Erica Bern",US-2016-164630,959.968
TH-21550,"Tracy Hopkins",US-2017-120390,1633.188
TH-21550,"Tracy Hopkins",US-2017-120390,1633.188
TH-21550,"Tracy Hopkins",US-2017-120390,1633.188
TH-21550,"Tracy Hopkins",US-2017-120390,1633.188
TH-21550,"Tracy Hopkins",US-2017-120390,1633.188
TH-21550,"Tracy Hopkins",US-2017-120390,1633.188
AY-10555,"Andy Yotov",CA-2017-137428,222.032
AY-10555,"Andy Yotov",CA-2017-137428,222.032
AY-10555,"Andy Yotov",CA-2017-137428,222.032
AY-10555,"Andy Yotov",CA-2017-137428,222.032
RC-19960,"Ryan Crowe",US-2014-112872,328.914
RC-19960,"Ryan Crowe",US-2014-112872,328.914
RC-19960,"Ryan Crowe",US-2014-112872,328.914
RC-19960,"Ryan Crowe",US-2014-112872,328.914
RC-19960,"Ryan Crowe",US-2014-112872,328.914
RC-19960,"Ryan Crowe",US-2014-112872,328.914
JB-16045,"Julia Barnett",CA-2016-139269,1311.97
JB-16045,"Julia Barnett",CA-2016-139269,1311.97
JB-16045,"Julia Barnett",CA-2016-139269,1311.97
MC-17635,"Matthew Clasen",CA-2016-139010,511.948
MC-17635,"Matthew Clasen",CA-2016-139010,511.948
MC-17635,"Matthew Clasen",CA-2016-139010,511.948
MC-17635,"Matthew Clasen",CA-2016-139010,511.948
CR-12730,"Craig Reiter",CA-2017-116519,904.9
CR-12730,"Craig Reiter",CA-2017-116519,904.9
CR-12730,"Craig Reiter",CA-2017-116519,904.9
SR-20425,"Sharelle Roach",CA-2017-134845,2613.309
SR-20425,"Sharelle Roach",CA-2017-134845,2613.309
SR-20425,"Sharelle Roach",CA-2017-134845,2613.309
SR-20425,"Sharelle Roach",CA-2017-134845,2613.309
SR-20425,"Sharelle Roach",CA-2017-134845,2613.309
MH-18115,"Mick Hernandez",US-2016-160528,1416.304
MH-18115,"Mick Hernandez",US-2016-160528,1416.304
MH-18115,"Mick Hernandez",US-2016-160528,1416.304
MH-18115,"Mick Hernandez",US-2016-160528,1416.304
MH-18115,"Mick Hernandez",US-2016-160528,1416.304
MH-18115,"Mick Hernandez",US-2016-160528,1416.304
MH-18115,"Mick Hernandez",US-2016-160528,1416.304
MH-18115,"Mick Hernandez",US-2016-160528,1416.304
MH-18115,"Mick Hernandez",US-2016-160528,1416.304
JB-16000,"Joy Bell-",CA-2017-124674,327.7328
JB-16000,"Joy Bell-",CA-2017-124674,327.7328
JB-16000,"Joy Bell-",CA-2017-124674,327.7328
JB-16000,"Joy Bell-",CA-2017-124674,327.7328
JB-16000,"Joy Bell-",CA-2017-124674,327.7328
JB-16000,"Joy Bell-",CA-2017-124674,327.7328
JB-16000,"Joy Bell-",CA-2017-124674,327.7328
BP-11230,"Benjamin Patterson",CA-2015-135174,1022.97
BP-11230,"Benjamin Patterson",CA-2015-135174,1022.97
BP-11230,"Benjamin Patterson",CA-2015-135174,1022.97
BP-11230,"Benjamin Patterson",CA-2015-135174,1022.97
TC-21475,"Tony Chapman",CA-2017-121419,771.8
TC-21475,"Tony Chapman",CA-2017-121419,771.8
TC-21475,"Tony Chapman",CA-2017-121419,771.8
TC-21475,"Tony Chapman",CA-2017-121419,771.8
TC-21475,"Tony Chapman",CA-2017-121419,771.8
TC-21475,"Tony Chapman",CA-2017-121419,771.8
TC-21475,"Tony Chapman",CA-2017-121419,771.8
TC-21475,"Tony Chapman",CA-2017-121419,771.8
SW-20350,"Sean Wendt",CA-2016-128517,523.18
SW-20350,"Sean Wendt",CA-2016-128517,523.18
SW-20350,"Sean Wendt",CA-2016-128517,523.18
BF-11215,"Benjamin Farhat",CA-2017-106859,780.086
BF-11215,"Benjamin Farhat",CA-2017-106859,780.086
BF-11215,"Benjamin Farhat",CA-2017-106859,780.086
BF-11215,"Benjamin Farhat",CA-2017-106859,780.086
ML-17755,"Max Ludwig",US-2017-120089,663.936
ML-17755,"Max Ludwig",US-2017-120089,663.936
ML-17755,"Max Ludwig",US-2017-120089,663.936
ML-17755,"Max Ludwig",US-2017-120089,663.936
ML-17755,"Max Ludwig",US-2017-120089,663.936
ML-17755,"Max Ludwig",US-2017-120089,663.936
ML-17755,"Max Ludwig",US-2017-120089,663.936
YC-21895,"Yoseph Carroll",CA-2014-119375,3116.49
YC-21895,"Yoseph Carroll",CA-2014-119375,3116.49
YC-21895,"Yoseph Carroll",CA-2014-119375,3116.49
YC-21895,"Yoseph Carroll",CA-2014-119375,3116.49
YC-21895,"Yoseph Carroll",CA-2014-119375,3116.49
JG-15310,"Jason Gross",CA-2017-119578,916.14
JG-15310,"Jason Gross",CA-2017-119578,916.14
JG-15310,"Jason Gross",CA-2017-119578,916.14
JG-15310,"Jason Gross",CA-2017-119578,916.14
JG-15310,"Jason Gross",CA-2017-119578,916.14
MS-17770,"Maxwell Schwartz",CA-2016-150350,1599.864
MS-17770,"Maxwell Schwartz",CA-2016-150350,1599.864
MS-17770,"Maxwell Schwartz",CA-2016-150350,1599.864
MS-17770,"Maxwell Schwartz",CA-2016-150350,1599.864
MS-17770,"Maxwell Schwartz",CA-2016-150350,1599.864
MS-17770,"Maxwell Schwartz",CA-2016-150350,1599.864
MS-17770,"Maxwell Schwartz",CA-2016-150350,1599.864
MS-17770,"Maxwell Schwartz",CA-2016-150350,1599.864
JE-15610,"Jim Epp",CA-2015-121720,3165.744
JE-15610,"Jim Epp",CA-2015-121720,3165.744
JE-15610,"Jim Epp",CA-2015-121720,3165.744
JE-15610,"Jim Epp",CA-2015-121720,3165.744
JE-15610,"Jim Epp",CA-2015-121720,3165.744
JE-15610,"Jim Epp",CA-2015-121720,3165.744
CC-12100,"Chad Cunningham",CA-2014-136399,1308.196
CC-12100,"Chad Cunningham",CA-2014-136399,1308.196
CC-12100,"Chad Cunningham",CA-2014-136399,1308.196
CC-12100,"Chad Cunningham",CA-2014-136399,1308.196
CC-12100,"Chad Cunningham",CA-2014-136399,1308.196
CS-11845,"Cari Sayre",CA-2017-131828,1051.912
CS-11845,"Cari Sayre",CA-2017-131828,1051.912
CS-11845,"Cari Sayre",CA-2017-131828,1051.912
NF-18385,"Natalie Fritzler",CA-2015-147830,4190.205999999999
NF-18385,"Natalie Fritzler",CA-2015-147830,4190.205999999999
NF-18385,"Natalie Fritzler",CA-2015-147830,4190.205999999999
NF-18385,"Natalie Fritzler",CA-2015-147830,4190.205999999999
NF-18385,"Natalie Fritzler",CA-2015-147830,4190.205999999999
NF-18385,"Natalie Fritzler",CA-2015-147830,4190.205999999999
NF-18385,"Natalie Fritzler",CA-2015-147830,4190.205999999999
KC-16675,"Kimberly Carter",CA-2016-138695,452.464
KC-16675,"Kimberly Carter",CA-2016-138695,452.464
KC-16675,"Kimberly Carter",CA-2016-138695,452.464
KC-16675,"Kimberly Carter",CA-2016-138695,452.464
BM-11650,"Brian Moss",CA-2017-152912,3013.78
BM-11650,"Brian Moss",CA-2017-152912,3013.78
BM-11650,"Brian Moss",CA-2017-152912,3013.78
BM-11650,"Brian Moss",CA-2017-152912,3013.78
BM-11650,"Brian Moss",CA-2017-152912,3013.78
BM-11650,"Brian Moss",CA-2017-152912,3013.78
BM-11650,"Brian Moss",CA-2017-152912,3013.78
BM-11650,"Brian Moss",CA-2017-152912,3013.78
BM-11650,"Brian Moss",CA-2017-152912,3013.78
BM-11650,"Brian Moss",CA-2017-152912,3013.78
FH-14275,"Frank Hawley",CA-2017-104640,1362.056
FH-14275,"Frank Hawley",CA-2017-104640,1362.056
FH-14275,"Frank Hawley",CA-2017-104640,1362.056
FH-14275,"Frank Hawley",CA-2017-104640,1362.056
FH-14275,"Frank Hawley",CA-2017-104640,1362.056
FH-14275,"Frank Hawley",CA-2017-104640,1362.056
FH-14275,"Frank Hawley",CA-2017-104640,1362.056
FH-14275,"Frank Hawley",CA-2017-104640,1362.056
FH-14275,"Frank Hawley",CA-2017-104640,1362.056
DW-13195,"David Wiener",US-2016-127971,448.418
DW-13195,"David Wiener",US-2016-127971,448.418
DW-13195,"David Wiener",US-2016-127971,448.418
DW-13195,"David Wiener",US-2016-127971,448.418
DW-13195,"David Wiener",US-2016-127971,448.418
DW-13195,"David Wiener",US-2016-127971,448.418
SJ-20215,"Sarah Jordon",CA-2017-113355,536.858
SJ-20215,"Sarah Jordon",CA-2017-113355,536.858
SJ-20215,"Sarah Jordon",CA-2017-113355,536.858
SJ-20215,"Sarah Jordon",CA-2017-113355,536.858
SJ-20215,"Sarah Jordon",CA-2017-113355,536.858
PS-19045,"Penelope Sewall",CA-2017-133865,3359.952
PS-19045,"Penelope Sewall",CA-2017-133865,3359.952
PS-19045,"Penelope Sewall",CA-2017-133865,3359.952
PS-19045,"Penelope Sewall",CA-2017-133865,3359.952
PS-19045,"Penelope Sewall",CA-2017-133865,3359.952
PS-19045,"Penelope Sewall",CA-2017-133865,3359.952
PS-19045,"Penelope Sewall",CA-2017-133865,3359.952
GM-14695,"Greg Maxwell",CA-2014-102988,4251.92
GM-14695,"Greg Maxwell",CA-2014-102988,4251.92
GM-14695,"Greg Maxwell",CA-2014-102988,4251.92
CS-11950,"Carlos Soltero",US-2014-159926,730.009
CS-11950,"Carlos Soltero",US-2014-159926,730.009
CS-11950,"Carlos Soltero",US-2014-159926,730.009
CS-11950,"Carlos Soltero",US-2014-159926,730.009
CS-11950,"Carlos Soltero",US-2014-159926,730.009
CS-11950,"Carlos Soltero",US-2014-159926,730.009
CS-11950,"Carlos Soltero",US-2014-159926,730.009
CS-11950,"Carlos Soltero",US-2014-159926,730.009
TS-21505,"Tony Sayre",CA-2014-134551,732.312
TS-21505,"Tony Sayre",CA-2014-134551,732.312
TS-21505,"Tony Sayre",CA-2014-134551,732.312
TS-21505,"Tony Sayre",CA-2014-134551,732.312
TS-21505,"Tony Sayre",CA-2014-134551,732.312
TS-21505,"Tony Sayre",CA-2014-134551,732.312
PR-18880,"Patrick Ryan",US-2017-109253,1520.1499999999999
PR-18880,"Patrick Ryan",US-2017-109253,1520.1499999999999
PR-18880,"Patrick Ryan",US-2017-109253,1520.1499999999999
PR-18880,"Patrick Ryan",US-2017-109253,1520.1499999999999
PR-18880,"Patrick Ryan",US-2017-109253,1520.1499999999999
AR-10510,"Andrew Roberts",CA-2016-147536,89.97
AR-10510,"Andrew Roberts",CA-2016-147536,89.97
AR-10510,"Andrew Roberts",CA-2016-147536,89.97
AR-10510,"Andrew Roberts",CA-2016-147536,89.97
AR-10510,"Andrew Roberts",CA-2016-147536,89.97
TB-21280,"Toby Braunhardt",CA-2016-134887,1287.45
TB-21280,"Toby Braunhardt",CA-2016-134887,1287.45
TB-21280,"Toby Braunhardt",CA-2016-134887,1287.45
TB-21280,"Toby Braunhardt",CA-2016-134887,1287.45
TB-21280,"Toby Braunhardt",CA-2016-134887,1287.45
MG-17650,"Matthew Grinstein",CA-2014-166471,1310.3359999999998
MG-17650,"Matthew Grinstein",CA-2014-166471,1310.3359999999998
MG-17650,"Matthew Grinstein",CA-2014-166471,1310.3359999999998
MG-17650,"Matthew Grinstein",CA-2014-166471,1310.3359999999998
MG-17650,"Matthew Grinstein",CA-2014-166471,1310.3359999999998
MG-17650,"Matthew Grinstein",CA-2014-166471,1310.3359999999998
MG-17650,"Matthew Grinstein",CA-2014-166471,1310.3359999999998
DE-13255,"Deanra Eno",CA-2015-153381,1408.1
DE-13255,"Deanra Eno",CA-2015-153381,1408.1
DE-13255,"Deanra Eno",CA-2015-153381,1408.1
DE-13255,"Deanra Eno",CA-2015-153381,1408.1
JD-16150,"Justin Deggeller",CA-2017-168858,2521.4799999999996
JD-16150,"Justin Deggeller",CA-2017-168858,2521.4799999999996
JD-16150,"Justin Deggeller",CA-2017-168858,2521.4799999999996
JD-16150,"Justin Deggeller",CA-2017-168858,2521.4799999999996
JD-16150,"Justin Deggeller",CA-2017-168858,2521.4799999999996
JD-16150,"Justin Deggeller",CA-2017-168858,2521.4799999999996
JD-16150,"Justin Deggeller",CA-2017-168858,2521.4799999999996
JD-16150,"Justin Deggeller",CA-2017-168858,2521.4799999999996
CC-12610,"Corey Catlett",CA-2014-124688,1812.0100000000002
CC-12610,"Corey Catlett",CA-2014-124688,1812.0100000000002
CC-12610,"Corey Catlett",CA-2014-124688,1812.0100000000002
CC-12610,"Corey Catlett",CA-2014-124688,1812.0100000000002
CC-12610,"Corey Catlett",CA-2014-124688,1812.0100000000002
CC-12610,"Corey Catlett",CA-2014-124688,1812.0100000000002
CC-12610,"Corey Catlett",CA-2014-124688,1812.0100000000002
RH-19600,"Rob Haberlin",CA-2015-157322,1305.81
RH-19600,"Rob Haberlin",CA-2015-157322,1305.81
RH-19600,"Rob Haberlin",CA-2015-157322,1305.81
CA-12055,"Cathy Armstrong",CA-2016-107328,1016.184
CA-12055,"Cathy Armstrong",CA-2016-107328,1016.184
CA-12055,"Cathy Armstrong",CA-2016-107328,1016.184
CA-12055,"Cathy Armstrong",CA-2016-107328,1016.184
JK-16120,"Julie Kriz",CA-2016-150945,900.08
JK-16120,"Julie Kriz",CA-2016-150945,900.08
JK-16120,"Julie Kriz",CA-2016-150945,900.08
JK-16120,"Julie Kriz",CA-2016-150945,900.08
JK-16120,"Julie Kriz",CA-2016-150945,900.08
JK-16120,"Julie Kriz",CA-2016-150945,900.08
JK-16120,"Julie Kriz",CA-2016-150945,900.08
JK-16120,"Julie Kriz",CA-2016-150945,900.08
JK-16120,"Julie Kriz",CA-2016-150945,900.08
SC-20020,"Sam Craven",CA-2014-166863,1353.5296
SC-20020,"Sam Craven",CA-2014-166863,1353.5296
SC-20020,"Sam Craven",CA-2014-166863,1353.5296
SC-20020,"Sam Craven",CA-2014-166863,1353.5296
MG-17875,"Michael Grace",CA-2015-124975,796.425
MG-17875,"Michael Grace",CA-2015-124975,796.425
MG-17875,"Michael Grace",CA-2015-124975,796.425
MG-17875,"Michael Grace",CA-2015-124975,796.425
MG-17875,"Michael Grace",CA-2015-124975,796.425
PO-18865,"Patrick O'Donnell",CA-2014-120838,935.1519999999999
PO-18865,"Patrick O'Donnell",CA-2014-120838,935.1519999999999
PO-18865,"Patrick O'Donnell",CA-2014-120838,935.1519999999999
PO-18865,"Patrick O'Donnell",CA-2014-120838,935.1519999999999
PO-18865,"Patrick O'Donnell",CA-2014-120838,935.1519999999999
PO-18865,"Patrick O'Donnell",CA-2014-120838,935.1519999999999
PO-18865,"Patrick O'Donnell",CA-2014-120838,935.1519999999999
CC-12550,"Clay Cheatham",CA-2017-118542,55.488
CC-12550,"Clay Cheatham",CA-2017-118542,55.488
CC-12550,"Clay Cheatham",CA-2017-118542,55.488
RD-19660,"Robert Dilbeck",CA-2017-103877,1577.94
RD-19660,"Robert Dilbeck",CA-2017-103877,1577.94
RD-19660,"Robert Dilbeck",CA-2017-103877,1577.94
RD-19660,"Robert Dilbeck",CA-2017-103877,1577.94
RD-19660,"Robert Dilbeck",CA-2017-103877,1577.94
JK-15640,"Jim Kriz",CA-2017-168109,4142.98
JK-15640,"Jim Kriz",CA-2017-168109,4142.98
JK-15640,"Jim Kriz",CA-2017-168109,4142.98
JK-15640,"Jim Kriz",CA-2017-168109,4142.98
JK-15640,"Jim Kriz",CA-2017-168109,4142.98
JK-15640,"Jim Kriz",CA-2017-168109,4142.98
JK-15640,"Jim Kriz",CA-2017-168109,4142.98
MT-17815,"Meg Tillman",CA-2016-104157,2503.47
MT-17815,"Meg Tillman",CA-2016-104157,2503.47
MT-17815,"Meg Tillman",CA-2016-104157,2503.47
MT-17815,"Meg Tillman",CA-2016-104157,2503.47
MT-17815,"Meg Tillman",CA-2016-104157,2503.47
RB-19330,"Randy Bradley",CA-2014-159835,670.3779999999999
RB-19330,"Randy Bradley",CA-2014-159835,670.3779999999999
ST-20530,"Shui Tom",CA-2014-163559,139.44
ST-20530,"Shui Tom",CA-2014-163559,139.44
ST-20530,"Shui Tom",CA-2014-163559,139.44
ST-20530,"Shui Tom",CA-2014-163559,139.44
ST-20530,"Shui Tom",CA-2014-163559,139.44
ST-20530,"Shui Tom",CA-2014-163559,139.44
ST-20530,"Shui Tom",CA-2014-163559,139.44
BC-11125,"Becky Castell",CA-2017-113530,726.8280000000001
BC-11125,"Becky Castell",CA-2017-113530,726.8280000000001
BC-11125,"Becky Castell",CA-2017-113530,726.8280000000001
BC-11125,"Becky Castell",CA-2017-113530,726.8280000000001
BC-11125,"Becky Castell",CA-2017-113530,726.8280000000001
BC-11125,"Becky Castell",CA-2017-113530,726.8280000000001
BC-11125,"Becky Castell",CA-2017-113530,726.8280000000001
BC-11125,"Becky Castell",CA-2017-113530,726.8280000000001
BT-11680,"Brian Thompson",CA-2015-132626,1133.8200000000002
BT-11680,"Brian Thompson",CA-2015-132626,1133.8200000000002
BT-11680,"Brian Thompson",CA-2015-132626,1133.8200000000002
BT-11680,"Brian Thompson",CA-2015-132626,1133.8200000000002
BT-11680,"Brian Thompson",CA-2015-132626,1133.8200000000002
BT-11680,"Brian Thompson",CA-2015-132626,1133.8200000000002
MF-17665,"Maureen Fritzler",US-2014-169789,551.985
MF-17665,"Maureen Fritzler",US-2014-169789,551.985
MF-17665,"Maureen Fritzler",US-2014-169789,551.985
MF-17665,"Maureen Fritzler",US-2014-169789,551.985
MF-17665,"Maureen Fritzler",US-2014-169789,551.985
KH-16630,"Ken Heidel",CA-2015-109575,2503.8199999999997
KH-16630,"Ken Heidel",CA-2015-109575,2503.8199999999997
KH-16630,"Ken Heidel",CA-2015-109575,2503.8199999999997
KH-16630,"Ken Heidel",CA-2015-109575,2503.8199999999997
KH-16630,"Ken Heidel",CA-2015-109575,2503.8199999999997
KH-16630,"Ken Heidel",CA-2015-109575,2503.8199999999997
KH-16630,"Ken Heidel",CA-2015-109575,2503.8199999999997
KH-16630,"Ken Heidel",CA-2015-109575,2503.8199999999997
KH-16630,"Ken Heidel",CA-2015-109575,2503.8199999999997
RM-19750,"Roland Murray",CA-2017-168193,98.35
VM-21835,"Vivian Mathis",CA-2016-115476,162.51999999999998
VM-21835,"Vivian Mathis",CA-2016-115476,162.51999999999998
VM-21835,"Vivian Mathis",CA-2016-115476,162.51999999999998
VM-21835,"Vivian Mathis",CA-2016-115476,162.51999999999998
VM-21835,"Vivian Mathis",CA-2016-115476,162.51999999999998
DR-12880,"Dan Reichenbach",CA-2017-161956,2773.332
DR-12880,"Dan Reichenbach",CA-2017-161956,2773.332
DR-12880,"Dan Reichenbach",CA-2017-161956,2773.332
DR-12880,"Dan Reichenbach",CA-2017-161956,2773.332
DR-12880,"Dan Reichenbach",CA-2017-161956,2773.332
DR-12880,"Dan Reichenbach",CA-2017-161956,2773.332
DR-12880,"Dan Reichenbach",CA-2017-161956,2773.332
JJ-15760,"Joel Jenkins",CA-2015-103205,119.96
JJ-15760,"Joel Jenkins",CA-2015-103205,119.96
KB-16585,"Ken Black",CA-2014-153913,1013.832
KB-16585,"Ken Black",CA-2014-153913,1013.832
KB-16585,"Ken Black",CA-2014-153913,1013.832
KB-16585,"Ken Black",CA-2014-153913,1013.832
KB-16585,"Ken Black",CA-2014-153913,1013.832
KB-16585,"Ken Black",CA-2014-153913,1013.832
KB-16585,"Ken Black",CA-2014-153913,1013.832
KB-16585,"Ken Black",CA-2014-153913,1013.832
KB-16585,"Ken Black",CA-2014-153913,1013.832
KB-16585,"Ken Black",CA-2014-153913,1013.832
KB-16585,"Ken Black",CA-2014-153913,1013.832
CM-12160,"Charles McCrossin",CA-2016-155530,2003.52
CM-12160,"Charles McCrossin",CA-2016-155530,2003.52
CM-12160,"Charles McCrossin",CA-2016-155530,2003.52
CM-12160,"Charles McCrossin",CA-2016-155530,2003.52
CM-12160,"Charles McCrossin",CA-2016-155530,2003.52
JK-15370,"Jay Kimmel",US-2014-102715,737.2
JK-15370,"Jay Kimmel",US-2014-102715,737.2
JK-15370,"Jay Kimmel",US-2014-102715,737.2
JK-15370,"Jay Kimmel",US-2014-102715,737.2
JK-15370,"Jay Kimmel",US-2014-102715,737.2
JK-15370,"Jay Kimmel",US-2014-102715,737.2
JK-15370,"Jay Kimmel",US-2014-102715,737.2
JK-15370,"Jay Kimmel",US-2014-102715,737.2
KL-16555,"Kelly Lampkin",CA-2017-147760,1883.7240000000002
KL-16555,"Kelly Lampkin",CA-2017-147760,1883.7240000000002
KL-16555,"Kelly Lampkin",CA-2017-147760,1883.7240000000002
KL-16555,"Kelly Lampkin",CA-2017-147760,1883.7240000000002
KL-16555,"Kelly Lampkin",CA-2017-147760,1883.7240000000002
KL-16555,"Kelly Lampkin",CA-2017-147760,1883.7240000000002
KL-16555,"Kelly Lampkin",CA-2017-147760,1883.7240000000002
KL-16555,"Kelly Lampkin",CA-2017-147760,1883.7240000000002
ZD-21925,"Zuschuss Donatelli",CA-2016-152471,839.9440000000001
ZD-21925,"Zuschuss Donatelli",CA-2016-152471,839.9440000000001
ZD-21925,"Zuschuss Donatelli",CA-2016-152471,839.9440000000001
ZD-21925,"Zuschuss Donatelli",CA-2016-152471,839.9440000000001
ZD-21925,"Zuschuss Donatelli",CA-2016-152471,839.9440000000001
HG-14845,"Harry Greene",CA-2017-141873,364.388
HG-14845,"Harry Greene",CA-2017-141873,364.388
HG-14845,"Harry Greene",CA-2017-141873,364.388
HG-14845,"Harry Greene",CA-2017-141873,364.388
HG-14845,"Harry Greene",CA-2017-141873,364.388
CC-12685,"Craig Carroll",CA-2015-140984,1884.1440000000002
CC-12685,"Craig Carroll",CA-2015-140984,1884.1440000000002
CC-12685,"Craig Carroll",CA-2015-140984,1884.1440000000002
CC-12685,"Craig Carroll",CA-2015-140984,1884.1440000000002
MY-18295,"Muhammed Yedwab",CA-2014-105984,1661.028
MY-18295,"Muhammed Yedwab",CA-2014-105984,1661.028
MY-18295,"Muhammed Yedwab",CA-2014-105984,1661.028
MY-18295,"Muhammed Yedwab",CA-2014-105984,1661.028
MY-18295,"Muhammed Yedwab",CA-2014-105984,1661.028
MY-18295,"Muhammed Yedwab",CA-2014-105984,1661.028
MY-18295,"Muhammed Yedwab",CA-2014-105984,1661.028
MY-18295,"Muhammed Yedwab",CA-2014-105984,1661.028
MY-18295,"Muhammed Yedwab",CA-2014-105984,1661.028
MY-18295,"Muhammed Yedwab",CA-2014-105984,1661.028
MY-18295,"Muhammed Yedwab",CA-2014-105984,1661.028
KM-16720,"Kunst Miller",CA-2014-126760,1891.316
KM-16720,"Kunst Miller",CA-2014-126760,1891.316
KM-16720,"Kunst Miller",CA-2014-126760,1891.316
KM-16720,"Kunst Miller",CA-2014-126760,1891.316
KM-16720,"Kunst Miller",CA-2014-126760,1891.316
KM-16720,"Kunst Miller",CA-2014-126760,1891.316
KM-16720,"Kunst Miller",CA-2014-126760,1891.316
KM-16720,"Kunst Miller",CA-2014-126760,1891.316
JF-15355,"Jay Fein",CA-2015-132486,1446.7839999999999
JF-15355,"Jay Fein",CA-2015-132486,1446.7839999999999
JF-15355,"Jay Fein",CA-2015-132486,1446.7839999999999
JF-15355,"Jay Fein",CA-2015-132486,1446.7839999999999
JF-15355,"Jay Fein",CA-2015-132486,1446.7839999999999
JF-15355,"Jay Fein",CA-2015-132486,1446.7839999999999
SP-20860,"Sung Pak",US-2016-163881,2904.572
SP-20860,"Sung Pak",US-2016-163881,2904.572
SP-20860,"Sung Pak",US-2016-163881,2904.572
SP-20860,"Sung Pak",US-2016-163881,2904.572
SP-20860,"Sung Pak",US-2016-163881,2904.572
SP-20860,"Sung Pak",US-2016-163881,2904.572
SP-20860,"Sung Pak",US-2016-163881,2904.572
SP-20860,"Sung Pak",US-2016-163881,2904.572
VT-21700,"Valerie Takahito",CA-2015-167010,1636.356
VT-21700,"Valerie Takahito",CA-2015-167010,1636.356
ML-17410,"Maris LaWare",US-2017-142573,1298.896
ML-17410,"Maris LaWare",US-2017-142573,1298.896
ML-17410,"Maris LaWare",US-2017-142573,1298.896
ML-17410,"Maris LaWare",US-2017-142573,1298.896
ML-17410,"Maris LaWare",US-2017-142573,1298.896
ML-17410,"Maris LaWare",US-2017-142573,1298.896
LS-17230,"Lycoris Saunders",CA-2015-118955,253.34000000000003
LS-17230,"Lycoris Saunders",CA-2015-118955,253.34000000000003
LS-17230,"Lycoris Saunders",CA-2015-118955,253.34000000000003
MH-17455,"Mark Hamilton",US-2016-143448,1424.9
MH-17455,"Mark Hamilton",US-2016-143448,1424.9
MH-17455,"Mark Hamilton",US-2016-143448,1424.9
MH-17455,"Mark Hamilton",US-2016-143448,1424.9
MH-17455,"Mark Hamilton",US-2016-143448,1424.9
MH-17455,"Mark Hamilton",US-2016-143448,1424.9
MH-17455,"Mark Hamilton",US-2016-143448,1424.9
MH-17455,"Mark Hamilton",US-2016-143448,1424.9
MG-17695,"Maureen Gnade",US-2016-142685,835.17
MG-17695,"Maureen Gnade",US-2016-142685,835.17
MG-17695,"Maureen Gnade",US-2016-142685,835.17
DK-12895,"Dana Kaydos",CA-2015-105627,2531.8799999999997
DK-12895,"Dana Kaydos",CA-2015-105627,2531.8799999999997
DK-12895,"Dana Kaydos",CA-2015-105627,2531.8799999999997
DK-12895,"Dana Kaydos",CA-2015-105627,2531.8799999999997
DK-12895,"Dana Kaydos",CA-2015-105627,2531.8799999999997
CC-12220,"Chris Cortes",CA-2016-145730,962.4060000000001
CC-12220,"Chris Cortes",CA-2016-145730,962.4060000000001
CC-12220,"Chris Cortes",CA-2016-145730,962.4060000000001
CC-12220,"Chris Cortes",CA-2016-145730,962.4060000000001
CC-12220,"Chris Cortes",CA-2016-145730,962.4060000000001
CC-12220,"Chris Cortes",CA-2016-145730,962.4060000000001
CC-12220,"Chris Cortes",CA-2016-145730,962.4060000000001
CC-12220,"Chris Cortes",CA-2016-145730,962.4060000000001
CC-12220,"Chris Cortes",CA-2016-145730,962.4060000000001
CC-12220,"Chris Cortes",CA-2016-145730,962.4060000000001
FH-14350,"Fred Harton",CA-2015-165624,1142.43
FH-14350,"Fred Harton",CA-2015-165624,1142.43
FH-14350,"Fred Harton",CA-2015-165624,1142.43
FH-14350,"Fred Harton",CA-2015-165624,1142.43
JM-15655,"Jim Mitchum",US-2016-108777,402.645
JM-15655,"Jim Mitchum",US-2016-108777,402.645
JM-15655,"Jim Mitchum",US-2016-108777,402.645
JM-15655,"Jim Mitchum",US-2016-108777,402.645
JM-15655,"Jim Mitchum",US-2016-108777,402.645
AJ-10795,"Anthony Johnson",CA-2014-110786,1365.6299999999999
AJ-10795,"Anthony Johnson",CA-2014-110786,1365.6299999999999
AJ-10795,"Anthony Johnson",CA-2014-110786,1365.6299999999999
AJ-10795,"Anthony Johnson",CA-2014-110786,1365.6299999999999
AJ-10795,"Anthony Johnson",CA-2014-110786,1365.6299999999999
AJ-10795,"Anthony Johnson",CA-2014-110786,1365.6299999999999
KE-16420,"Katrina Edelman",US-2015-166520,680.78
KE-16420,"Katrina Edelman",US-2015-166520,680.78
KE-16420,"Katrina Edelman",US-2015-166520,680.78
KE-16420,"Katrina Edelman",US-2015-166520,680.78
KE-16420,"Katrina Edelman",US-2015-166520,680.78
KE-16420,"Katrina Edelman",US-2015-166520,680.78
KE-16420,"Katrina Edelman",US-2015-166520,680.78
KE-16420,"Katrina Edelman",US-2015-166520,680.78
SM-20950,"Suzanne McNair",CA-2014-122931,2358.672
SM-20950,"Suzanne McNair",CA-2014-122931,2358.672
SM-20950,"Suzanne McNair",CA-2014-122931,2358.672
SM-20950,"Suzanne McNair",CA-2014-122931,2358.672
SM-20950,"Suzanne McNair",CA-2014-122931,2358.672
SM-20950,"Suzanne McNair",CA-2014-122931,2358.672
SM-20950,"Suzanne McNair",CA-2014-122931,2358.672
SM-20950,"Suzanne McNair",CA-2014-122931,2358.672
SM-20950,"Suzanne McNair",CA-2014-122931,2358.672
DK-12985,"Darren Koutras",CA-2014-163034,646.2
DK-12985,"Darren Koutras",CA-2014-163034,646.2
DK-12985,"Darren Koutras",CA-2014-163034,646.2
DK-12985,"Darren Koutras",CA-2014-163034,646.2
DK-12985,"Darren Koutras",CA-2014-163034,646.2
NP-18685,"Nora Pelletier",CA-2015-156104,999.98
NP-18685,"Nora Pelletier",CA-2015-156104,999.98
NP-18685,"Nora Pelletier",CA-2015-156104,999.98
NP-18685,"Nora Pelletier",CA-2015-156104,999.98
NP-18685,"Nora Pelletier",CA-2015-156104,999.98
NP-18685,"Nora Pelletier",CA-2015-156104,999.98
SC-20680,"Steve Carroll",US-2015-164308,821.94
SC-20680,"Steve Carroll",US-2015-164308,821.94
SC-20680,"Steve Carroll",US-2015-164308,821.94
SC-20680,"Steve Carroll",US-2015-164308,821.94
SC-20680,"Steve Carroll",US-2015-164308,821.94
LH-16900,"Lena Hernandez",US-2014-156559,638.82
LH-16900,"Lena Hernandez",US-2014-156559,638.82
LH-16900,"Lena Hernandez",US-2014-156559,638.82
LH-16900,"Lena Hernandez",US-2014-156559,638.82
LH-16900,"Lena Hernandez",US-2014-156559,638.82
LH-16900,"Lena Hernandez",US-2014-156559,638.82
LH-16900,"Lena Hernandez",US-2014-156559,638.82
LH-16900,"Lena Hernandez",US-2014-156559,638.82
LH-16900,"Lena Hernandez",US-2014-156559,638.82
KW-16435,"Katrina Willman",CA-2015-102491,3747.9300000000003
KW-16435,"Katrina Willman",CA-2015-102491,3747.9300000000003
KW-16435,"Katrina Willman",CA-2015-102491,3747.9300000000003
KW-16435,"Katrina Willman",CA-2015-102491,3747.9300000000003
KW-16435,"Katrina Willman",CA-2015-102491,3747.9300000000003
SC-20095,"Sanjit Chand",CA-2014-116904,9900.19
SC-20095,"Sanjit Chand",CA-2014-116904,9900.19
SC-20095,"Sanjit Chand",CA-2014-116904,9900.19
SC-20095,"Sanjit Chand",CA-2014-116904,9900.19
SC-20095,"Sanjit Chand",CA-2014-116904,9900.19
SC-20095,"Sanjit Chand",CA-2014-116904,9900.19
SC-20095,"Sanjit Chand",CA-2014-116904,9900.19
SC-20095,"Sanjit Chand",CA-2014-116904,9900.19
TS-21340,"Toby Swindell",CA-2015-153416,568.86
TS-21340,"Toby Swindell",CA-2015-153416,568.86
TS-21340,"Toby Swindell",CA-2015-153416,568.86
TS-21340,"Toby Swindell",CA-2015-153416,568.86
TS-21340,"Toby Swindell",CA-2015-153416,568.86
JL-15835,"John Lee",CA-2014-127299,2692.329
JL-15835,"John Lee",CA-2014-127299,2692.329
JL-15835,"John Lee",CA-2014-127299,2692.329
JL-15835,"John Lee",CA-2014-127299,2692.329
JL-15835,"John Lee",CA-2014-127299,2692.329
JL-15835,"John Lee",CA-2014-127299,2692.329
JL-15835,"John Lee",CA-2014-127299,2692.329
JL-15835,"John Lee",CA-2014-127299,2692.329
JL-15835,"John Lee",CA-2014-127299,2692.329
PV-18985,"Paul Van Hugh",CA-2017-105914,1687.2600000000002
PV-18985,"Paul Van Hugh",CA-2017-105914,1687.2600000000002
PV-18985,"Paul Van Hugh",CA-2017-105914,1687.2600000000002
PV-18985,"Paul Van Hugh",CA-2017-105914,1687.2600000000002
PV-18985,"Paul Van Hugh",CA-2017-105914,1687.2600000000002
HL-15040,"Hunter Lopez",CA-2017-166709,10499.97
HL-15040,"Hunter Lopez",CA-2017-166709,10499.97
HL-15040,"Hunter Lopez",CA-2017-166709,10499.97
HL-15040,"Hunter Lopez",CA-2017-166709,10499.97
HL-15040,"Hunter Lopez",CA-2017-166709,10499.97
HL-15040,"Hunter Lopez",CA-2017-166709,10499.97
AM-10705,"Anne McFarland",CA-2014-145387,2106.346
AM-10705,"Anne McFarland",CA-2014-145387,2106.346
AM-10705,"Anne McFarland",CA-2014-145387,2106.346
AM-10705,"Anne McFarland",CA-2014-145387,2106.346
AM-10705,"Anne McFarland",CA-2014-145387,2106.346
AM-10705,"Anne McFarland",CA-2014-145387,2106.346
AM-10705,"Anne McFarland",CA-2014-145387,2106.346
AM-10705,"Anne McFarland",CA-2014-145387,2106.346
NC-18535,"Nick Crebassa",CA-2017-149881,5282.648
NC-18535,"Nick Crebassa",CA-2017-149881,5282.648
NC-18535,"Nick Crebassa",CA-2017-149881,5282.648
NC-18535,"Nick Crebassa",CA-2017-149881,5282.648
NC-18535,"Nick Crebassa",CA-2017-149881,5282.648
NC-18535,"Nick Crebassa",CA-2017-149881,5282.648
LS-16975,"Lindsay Shagiari",CA-2017-117702,1071.7400000000002
LS-16975,"Lindsay Shagiari",CA-2017-117702,1071.7400000000002
LS-16975,"Lindsay Shagiari",CA-2017-117702,1071.7400000000002
LS-16975,"Lindsay Shagiari",CA-2017-117702,1071.7400000000002
LS-16975,"Lindsay Shagiari",CA-2017-117702,1071.7400000000002
LS-16975,"Lindsay Shagiari",CA-2017-117702,1071.7400000000002
LS-16975,"Lindsay Shagiari",CA-2017-117702,1071.7400000000002
LS-16975,"Lindsay Shagiari",CA-2017-117702,1071.7400000000002
SJ-20500,"Shirley Jackson",CA-2016-157336,840
SJ-20500,"Shirley Jackson",CA-2016-157336,840
SJ-20500,"Shirley Jackson",CA-2016-157336,840
SJ-20500,"Shirley Jackson",CA-2016-157336,840
EP-13915,"Emily Phan",US-2016-131611,2007.9048
EP-13915,"Emily Phan",US-2016-131611,2007.9048
EP-13915,"Emily Phan",US-2016-131611,2007.9048
EP-13915,"Emily Phan",US-2016-131611,2007.9048
EP-13915,"Emily Phan",US-2016-131611,2007.9048
EP-13915,"Emily Phan",US-2016-131611,2007.9048
EP-13915,"Emily Phan",US-2016-131611,2007.9048
EP-13915,"Emily Phan",US-2016-131611,2007.9048
EP-13915,"Emily Phan",US-2016-131611,2007.9048
EP-13915,"Emily Phan",US-2016-131611,2007.9048
EP-13915,"Emily Phan",US-2016-131611,2007.9048
EP-13915,"Emily Phan",US-2016-131611,2007.9048
EP-13915,"Emily Phan",US-2016-131611,2007.9048
EP-13915,"Emily Phan",US-2016-131611,2007.9048
EP-13915,"Emily Phan",US-2016-131611,2007.9048
BS-11365,"Bill Shonely",US-2016-107440,9135.189999999999
BS-11365,"Bill Shonely",US-2016-107440,9135.189999999999
BS-11365,"Bill Shonely",US-2016-107440,9135.189999999999
BS-11365,"Bill Shonely",US-2016-107440,9135.189999999999
BS-11365,"Bill Shonely",US-2016-107440,9135.189999999999
AT-10435,"Alyssa Tate",CA-2017-102407,1096.4879999999998
AT-10435,"Alyssa Tate",CA-2017-102407,1096.4879999999998
AT-10435,"Alyssa Tate",CA-2017-102407,1096.4879999999998
AT-10435,"Alyssa Tate",CA-2017-102407,1096.4879999999998
PO-18850,"Patrick O'Brill",CA-2017-129021,4540.776
PO-18850,"Patrick O'Brill",CA-2017-129021,4540.776
PO-18850,"Patrick O'Brill",CA-2017-129021,4540.776
PO-18850,"Patrick O'Brill",CA-2017-129021,4540.776
PO-18850,"Patrick O'Brill",CA-2017-129021,4540.776
PO-18850,"Patrick O'Brill",CA-2017-129021,4540.776
PO-18850,"Patrick O'Brill",CA-2017-129021,4540.776
PO-18850,"Patrick O'Brill",CA-2017-129021,4540.776
PO-18850,"Patrick O'Brill",CA-2017-129021,4540.776
PO-18850,"Patrick O'Brill",CA-2017-129021,4540.776
AH-10585,"Angele Hood",CA-2014-162278,447.88
AH-10585,"Angele Hood",CA-2014-162278,447.88
AH-10585,"Angele Hood",CA-2014-162278,447.88
AB-10165,"Alan Barnes",CA-2015-115945,413.942
AB-10165,"Alan Barnes",CA-2015-115945,413.942
AB-10165,"Alan Barnes",CA-2015-115945,413.942
AB-10165,"Alan Barnes",CA-2015-115945,413.942
AB-10165,"Alan Barnes",CA-2015-115945,413.942
AB-10165,"Alan Barnes",CA-2015-115945,413.942
AB-10165,"Alan Barnes",CA-2015-115945,413.942
MM-17260,"Magdelene Morse",CA-2016-120355,692.5020000000001
MM-17260,"Magdelene Morse",CA-2016-120355,692.5020000000001
MM-17260,"Magdelene Morse",CA-2016-120355,692.5020000000001
MM-17260,"Magdelene Morse",CA-2016-120355,692.5020000000001
MV-17485,"Mark Van Huff",CA-2017-169894,436.596
MV-17485,"Mark Van Huff",CA-2017-169894,436.596
MV-17485,"Mark Van Huff",CA-2017-169894,436.596
MV-17485,"Mark Van Huff",CA-2017-169894,436.596
MV-17485,"Mark Van Huff",CA-2017-169894,436.596
MV-17485,"Mark Van Huff",CA-2017-169894,436.596
MV-17485,"Mark Van Huff",CA-2017-169894,436.596
RO-19780,"Rose O'Brian",CA-2015-155600,1635.018
RO-19780,"Rose O'Brian",CA-2015-155600,1635.018
RO-19780,"Rose O'Brian",CA-2015-155600,1635.018
RO-19780,"Rose O'Brian",CA-2015-155600,1635.018
RO-19780,"Rose O'Brian",CA-2015-155600,1635.018
RO-19780,"Rose O'Brian",CA-2015-155600,1635.018
RO-19780,"Rose O'Brian",CA-2015-155600,1635.018
RR-19315,"Ralph Ritter",CA-2017-162565,608.552
RR-19315,"Ralph Ritter",CA-2017-162565,608.552
BT-11305,"Beth Thompson",CA-2014-166954,2061.01
BT-11305,"Beth Thompson",CA-2014-166954,2061.01
BT-11305,"Beth Thompson",CA-2014-166954,2061.01
BT-11305,"Beth Thompson",CA-2014-166954,2061.01
CD-11920,"Carlos Daly",CA-2017-111556,1559.6680000000001
CD-11920,"Carlos Daly",CA-2017-111556,1559.6680000000001
CD-11920,"Carlos Daly",CA-2017-111556,1559.6680000000001
CD-11920,"Carlos Daly",CA-2017-111556,1559.6680000000001
GZ-14470,"Gary Zandusky",CA-2016-131737,2073.3500000000004
GZ-14470,"Gary Zandusky",CA-2016-131737,2073.3500000000004
GZ-14470,"Gary Zandusky",CA-2016-131737,2073.3500000000004
GZ-14470,"Gary Zandusky",CA-2016-131737,2073.3500000000004
GZ-14470,"Gary Zandusky",CA-2016-131737,2073.3500000000004
GZ-14470,"Gary Zandusky",CA-2016-131737,2073.3500000000004
GZ-14470,"Gary Zandusky",CA-2016-131737,2073.3500000000004
GZ-14470,"Gary Zandusky",CA-2016-131737,2073.3500000000004
BF-10975,"Barbara Fisher",CA-2016-100041,314.55
BF-10975,"Barbara Fisher",CA-2016-100041,314.55
BF-10975,"Barbara Fisher",CA-2016-100041,314.55
BF-10975,"Barbara Fisher",CA-2016-100041,314.55
BF-10975,"Barbara Fisher",CA-2016-100041,314.55
BF-10975,"Barbara Fisher",CA-2016-100041,314.55
BF-10975,"Barbara Fisher",CA-2016-100041,314.55
JB-15400,"Jennifer Braxton",CA-2017-132339,387.99
JB-15400,"Jennifer Braxton",CA-2017-132339,387.99
JB-15400,"Jennifer Braxton",CA-2017-132339,387.99
JB-15400,"Jennifer Braxton",CA-2017-132339,387.99
JB-15400,"Jennifer Braxton",CA-2017-132339,387.99
JB-15400,"Jennifer Braxton",CA-2017-132339,387.99
JB-15400,"Jennifer Braxton",CA-2017-132339,387.99
JB-15400,"Jennifer Braxton",CA-2017-132339,387.99
JB-15400,"Jennifer Braxton",CA-2017-132339,387.99
TB-21355,"Todd Boyes",CA-2017-159464,524.85
TB-21355,"Todd Boyes",CA-2017-159464,524.85
TB-21355,"Todd Boyes",CA-2017-159464,524.85
TB-21355,"Todd Boyes",CA-2017-159464,524.85
TB-21355,"Todd Boyes",CA-2017-159464,524.85
DK-13375,"Dennis Kane",US-2016-111290,1137.4
DK-13375,"Dennis Kane",US-2016-111290,1137.4
DK-13375,"Dennis Kane",US-2016-111290,1137.4
DK-13375,"Dennis Kane",US-2016-111290,1137.4
DK-13375,"Dennis Kane",US-2016-111290,1137.4
DK-13375,"Dennis Kane",US-2016-111290,1137.4
DK-13375,"Dennis Kane",US-2016-111290,1137.4
KA-16525,"Kelly Andreada",CA-2017-168641,518.868
KA-16525,"Kelly Andreada",CA-2017-168641,518.868
KA-16525,"Kelly Andreada",CA-2017-168641,518.868
KA-16525,"Kelly Andreada",CA-2017-168641,518.868
KA-16525,"Kelly Andreada",CA-2017-168641,518.868
KA-16525,"Kelly Andreada",CA-2017-168641,518.868
BD-11620,"Brian DeCherney",CA-2017-130211,582.0699999999999
BD-11620,"Brian DeCherney",CA-2017-130211,582.0699999999999
BD-11620,"Brian DeCherney",CA-2017-130211,582.0699999999999
BD-11620,"Brian DeCherney",CA-2017-130211,582.0699999999999
BD-11620,"Brian DeCherney",CA-2017-130211,582.0699999999999
BD-11620,"Brian DeCherney",CA-2017-130211,582.0699999999999
JK-15730,"Joe Kamberova",CA-2014-150798,1614.1240000000003
JK-15730,"Joe Kamberova",CA-2014-150798,1614.1240000000003
JK-15730,"Joe Kamberova",CA-2014-150798,1614.1240000000003
JK-15730,"Joe Kamberova",CA-2014-150798,1614.1240000000003
JK-15730,"Joe Kamberova",CA-2014-150798,1614.1240000000003
JK-15730,"Joe Kamberova",CA-2014-150798,1614.1240000000003
JK-15730,"Joe Kamberova",CA-2014-150798,1614.1240000000003
JK-15730,"Joe Kamberova",CA-2014-150798,1614.1240000000003
JK-15730,"Joe Kamberova",CA-2014-150798,1614.1240000000003
CC-12670,"Craig Carreira",CA-2017-112753,956.8035
CC-12670,"Craig Carreira",CA-2017-112753,956.8035
CC-12670,"Craig Carreira",CA-2017-112753,956.8035
CC-12670,"Craig Carreira",CA-2017-112753,956.8035
CC-12670,"Craig Carreira",CA-2017-112753,956.8035
CC-12670,"Craig Carreira",CA-2017-112753,956.8035
CC-12670,"Craig Carreira",CA-2017-112753,956.8035
GW-14605,"Giulietta Weimer",CA-2017-155075,631.176
GW-14605,"Giulietta Weimer",CA-2017-155075,631.176
GW-14605,"Giulietta Weimer",CA-2017-155075,631.176
GW-14605,"Giulietta Weimer",CA-2017-155075,631.176
GW-14605,"Giulietta Weimer",CA-2017-155075,631.176
GW-14605,"Giulietta Weimer",CA-2017-155075,631.176
GW-14605,"Giulietta Weimer",CA-2017-155075,631.176
ND-18460,"Neil Ducich",CA-2017-107167,1347.52
ND-18460,"Neil Ducich",CA-2017-107167,1347.52
ND-18460,"Neil Ducich",CA-2017-107167,1347.52
ND-18460,"Neil Ducich",CA-2017-107167,1347.52
ND-18460,"Neil Ducich",CA-2017-107167,1347.52
ND-18460,"Neil Ducich",CA-2017-107167,1347.52
MB-17305,"Maria Bertelson",CA-2016-118759,448.44599999999997
MB-17305,"Maria Bertelson",CA-2016-118759,448.44599999999997
MB-17305,"Maria Bertelson",CA-2016-118759,448.44599999999997
MB-17305,"Maria Bertelson",CA-2016-118759,448.44599999999997
MB-17305,"Maria Bertelson",CA-2016-118759,448.44599999999997
MB-17305,"Maria Bertelson",CA-2016-118759,448.44599999999997
MB-17305,"Maria Bertelson",CA-2016-118759,448.44599999999997
MB-17305,"Maria Bertelson",CA-2016-118759,448.44599999999997
MB-17305,"Maria Bertelson",CA-2016-118759,448.44599999999997
MB-17305,"Maria Bertelson",CA-2016-118759,448.44599999999997
RL-19615,"Rob Lucas",CA-2015-126557,1745.399
RL-19615,"Rob Lucas",CA-2015-126557,1745.399
RL-19615,"Rob Lucas",CA-2015-126557,1745.399
RL-19615,"Rob Lucas",CA-2015-126557,1745.399
RL-19615,"Rob Lucas",CA-2015-126557,1745.399
AB-10255,"Alejandro Ballentine",CA-2017-126662,479.984
AB-10255,"Alejandro Ballentine",CA-2017-126662,479.984
AB-10255,"Alejandro Ballentine",CA-2017-126662,479.984
AB-10255,"Alejandro Ballentine",CA-2017-126662,479.984
AB-10255,"Alejandro Ballentine",CA-2017-126662,479.984
AB-10255,"Alejandro Ballentine",CA-2017-126662,479.984
AB-10255,"Alejandro Ballentine",CA-2017-126662,479.984
AB-10255,"Alejandro Ballentine",CA-2017-126662,479.984
AG-10765,"Anthony Garverick",CA-2015-110947,113.1
AG-10765,"Anthony Garverick",CA-2015-110947,113.1
AG-10765,"Anthony Garverick",CA-2015-110947,113.1
NL-18310,"Nancy Lomonaco",US-2017-163790,1158.882
NL-18310,"Nancy Lomonaco",US-2017-163790,1158.882
NL-18310,"Nancy Lomonaco",US-2017-163790,1158.882
MC-18130,"Mike Caudle",CA-2016-129868,1431.078
MC-18130,"Mike Caudle",CA-2016-129868,1431.078
MC-18130,"Mike Caudle",CA-2016-129868,1431.078
MC-18130,"Mike Caudle",CA-2016-129868,1431.078
MG-17890,"Michael Granlund",CA-2015-146948,299.75
MG-17890,"Michael Granlund",CA-2015-146948,299.75
MG-17890,"Michael Granlund",CA-2015-146948,299.75
MG-17890,"Michael Granlund",CA-2015-146948,299.75
MG-17890,"Michael Granlund",CA-2015-146948,299.75
MG-17890,"Michael Granlund",CA-2015-146948,299.75
MG-17890,"Michael Granlund",CA-2015-146948,299.75
MG-17890,"Michael Granlund",CA-2015-146948,299.75
MG-17890,"Michael Granlund",CA-2015-146948,299.75
RM-19675,"Robert Marley",CA-2017-145219,2970.4320000000002
RM-19675,"Robert Marley",CA-2017-145219,2970.4320000000002
RM-19675,"Robert Marley",CA-2017-145219,2970.4320000000002
RM-19675,"Robert Marley",CA-2017-145219,2970.4320000000002
JF-15565,"Jill Fjeld",CA-2016-102162,1611.01
JF-15565,"Jill Fjeld",CA-2016-102162,1611.01
JF-15565,"Jill Fjeld",CA-2016-102162,1611.01
JF-15565,"Jill Fjeld",CA-2016-102162,1611.01
JF-15565,"Jill Fjeld",CA-2016-102162,1611.01
JF-15565,"Jill Fjeld",CA-2016-102162,1611.01
JF-15565,"Jill Fjeld",CA-2016-102162,1611.01
JF-15565,"Jill Fjeld",CA-2016-102162,1611.01
HA-14905,"Helen Abelman",CA-2017-130141,582.304
HA-14905,"Helen Abelman",CA-2017-130141,582.304
HA-14905,"Helen Abelman",CA-2017-130141,582.304
HA-14905,"Helen Abelman",CA-2017-130141,582.304
HA-14905,"Helen Abelman",CA-2017-130141,582.304
HA-14905,"Helen Abelman",CA-2017-130141,582.304
Co-12640,Corey-Lock,CA-2015-147501,564.768
Co-12640,Corey-Lock,CA-2015-147501,564.768
Co-12640,Corey-Lock,CA-2015-147501,564.768
Co-12640,Corey-Lock,CA-2015-147501,564.768
Co-12640,Corey-Lock,CA-2015-147501,564.768
DB-13360,"Dennis Bolton",CA-2016-139556,434.646
DB-13360,"Dennis Bolton",CA-2016-139556,434.646
DB-13360,"Dennis Bolton",CA-2016-139556,434.646
DB-13360,"Dennis Bolton",CA-2016-139556,434.646
DB-13360,"Dennis Bolton",CA-2016-139556,434.646
DB-13555,"Dorothy Badders",US-2017-133200,1407.2048
DB-13555,"Dorothy Badders",US-2017-133200,1407.2048
DB-13555,"Dorothy Badders",US-2017-133200,1407.2048
DB-13555,"Dorothy Badders",US-2017-133200,1407.2048
DB-13555,"Dorothy Badders",US-2017-133200,1407.2048
DB-13555,"Dorothy Badders",US-2017-133200,1407.2048
DB-13555,"Dorothy Badders",US-2017-133200,1407.2048
MV-18190,"Mike Vittorini",CA-2016-127698,863.928
MV-18190,"Mike Vittorini",CA-2016-127698,863.928
MV-18190,"Mike Vittorini",CA-2016-127698,863.928
MV-18190,"Mike Vittorini",CA-2016-127698,863.928
MV-18190,"Mike Vittorini",CA-2016-127698,863.928
MV-18190,"Mike Vittorini",CA-2016-127698,863.928
GB-14530,"George Bell",CA-2016-159912,419.86999999999995
GB-14530,"George Bell",CA-2016-159912,419.86999999999995
GB-14530,"George Bell",CA-2016-159912,419.86999999999995
GB-14530,"George Bell",CA-2016-159912,419.86999999999995
GB-14530,"George Bell",CA-2016-159912,419.86999999999995
GB-14530,"George Bell",CA-2016-159912,419.86999999999995
GB-14530,"George Bell",CA-2016-159912,419.86999999999995
GB-14530,"George Bell",CA-2016-159912,419.86999999999995
LT-16765,"Larry Tron",US-2015-122910,201.584
LT-16765,"Larry Tron",US-2015-122910,201.584
Dl-13600,"Dorris liebe",CA-2016-120530,658.746
Dl-13600,"Dorris liebe",CA-2016-120530,658.746
Dl-13600,"Dorris liebe",CA-2016-120530,658.746
Dl-13600,"Dorris liebe",CA-2016-120530,658.746
GT-14755,"Guy Thornton",CA-2015-105725,96.604
GT-14755,"Guy Thornton",CA-2015-105725,96.604
GT-14755,"Guy Thornton",CA-2015-105725,96.604
GT-14755,"Guy Thornton",CA-2015-105725,96.604
JD-16060,"Julia Dunbar",CA-2017-168123,375.71
JD-16060,"Julia Dunbar",CA-2017-168123,375.71
JD-16060,"Julia Dunbar",CA-2017-168123,375.71
RE-19450,"Richard Eichhorn",CA-2015-151589,435.53999999999996
RE-19450,"Richard Eichhorn",CA-2015-151589,435.53999999999996
RE-19450,"Richard Eichhorn",CA-2015-151589,435.53999999999996
RE-19450,"Richard Eichhorn",CA-2015-151589,435.53999999999996
RE-19450,"Richard Eichhorn",CA-2015-151589,435.53999999999996
EB-14110,"Eugene Barchas",CA-2016-121370,1628.6100000000001
EB-14110,"Eugene Barchas",CA-2016-121370,1628.6100000000001
EB-14110,"Eugene Barchas",CA-2016-121370,1628.6100000000001
EB-14110,"Eugene Barchas",CA-2016-121370,1628.6100000000001
EB-14110,"Eugene Barchas",CA-2016-121370,1628.6100000000001
MC-17275,"Marc Crier",CA-2014-107818,1771.52
MC-17275,"Marc Crier",CA-2014-107818,1771.52
MC-17275,"Marc Crier",CA-2014-107818,1771.52
MC-17275,"Marc Crier",CA-2014-107818,1771.52
MC-17275,"Marc Crier",CA-2014-107818,1771.52
MC-17275,"Marc Crier",CA-2014-107818,1771.52
PB-19150,"Philip Brown",CA-2015-137526,612.4580000000001
PB-19150,"Philip Brown",CA-2015-137526,612.4580000000001
PB-19150,"Philip Brown",CA-2015-137526,612.4580000000001
PB-19150,"Philip Brown",CA-2015-137526,612.4580000000001
PB-19150,"Philip Brown",CA-2015-137526,612.4580000000001
PB-19150,"Philip Brown",CA-2015-137526,612.4580000000001
PB-19150,"Philip Brown",CA-2015-137526,612.4580000000001
TT-21070,"Ted Trevino",CA-2017-122490,3321.278
TT-21070,"Ted Trevino",CA-2017-122490,3321.278
TT-21070,"Ted Trevino",CA-2017-122490,3321.278
TT-21070,"Ted Trevino",CA-2017-122490,3321.278
TT-21070,"Ted Trevino",CA-2017-122490,3321.278
TT-21070,"Ted Trevino",CA-2017-122490,3321.278
TT-21070,"Ted Trevino",CA-2017-122490,3321.278
TB-21175,"Thomas Boland",CA-2017-143567,3291.0699999999997
TB-21175,"Thomas Boland",CA-2017-143567,3291.0699999999997
TB-21175,"Thomas Boland",CA-2017-143567,3291.0699999999997
TB-21175,"Thomas Boland",CA-2017-143567,3291.0699999999997
RF-19345,"Randy Ferguson",CA-2016-163167,2673.6899999999996
RF-19345,"Randy Ferguson",CA-2016-163167,2673.6899999999996
RF-19345,"Randy Ferguson",CA-2016-163167,2673.6899999999996
RF-19345,"Randy Ferguson",CA-2016-163167,2673.6899999999996
RF-19345,"Randy Ferguson",CA-2016-163167,2673.6899999999996
RF-19345,"Randy Ferguson",CA-2016-163167,2673.6899999999996
RF-19345,"Randy Ferguson",CA-2016-163167,2673.6899999999996
RF-19345,"Randy Ferguson",CA-2016-163167,2673.6899999999996
CA-12310,"Christine Abelman",CA-2017-120936,495.3
CA-12310,"Christine Abelman",CA-2017-120936,495.3
CA-12310,"Christine Abelman",CA-2017-120936,495.3
CA-12310,"Christine Abelman",CA-2017-120936,495.3
MC-17605,"Matt Connell",US-2014-161613,674.058
MC-17605,"Matt Connell",US-2014-161613,674.058
MC-17605,"Matt Connell",US-2014-161613,674.058
MC-17605,"Matt Connell",US-2014-161613,674.058
MC-17605,"Matt Connell",US-2014-161613,674.058
MC-17605,"Matt Connell",US-2014-161613,674.058
MC-17605,"Matt Connell",US-2014-161613,674.058
BM-11575,"Brendan Murry",CA-2016-160304,405.91999999999996
BM-11575,"Brendan Murry",CA-2016-160304,405.91999999999996
BM-11575,"Brendan Murry",CA-2016-160304,405.91999999999996
BM-11575,"Brendan Murry",CA-2016-160304,405.91999999999996
BM-11575,"Brendan Murry",CA-2016-160304,405.91999999999996
BD-11605,"Brian Dahlen",CA-2014-157147,1679.749
BD-11605,"Brian Dahlen",CA-2014-157147,1679.749
BD-11605,"Brian Dahlen",CA-2014-157147,1679.749
BD-11605,"Brian Dahlen",CA-2014-157147,1679.749
BD-11605,"Brian Dahlen",CA-2014-157147,1679.749
BD-11605,"Brian Dahlen",CA-2014-157147,1679.749
JR-16210,"Justin Ritter",CA-2015-142202,717.12
JR-16210,"Justin Ritter",CA-2015-142202,717.12
JR-16210,"Justin Ritter",CA-2015-142202,717.12
JR-16210,"Justin Ritter",CA-2015-142202,717.12
JR-16210,"Justin Ritter",CA-2015-142202,717.12
CL-12700,"Craig Leslie",CA-2016-149279,1344.4199999999998
CL-12700,"Craig Leslie",CA-2016-149279,1344.4199999999998
CL-12700,"Craig Leslie",CA-2016-149279,1344.4199999999998
CL-12700,"Craig Leslie",CA-2016-149279,1344.4199999999998
CL-12700,"Craig Leslie",CA-2016-149279,1344.4199999999998
HG-14965,"Henry Goldwyn",US-2017-122714,1889.99
HG-14965,"Henry Goldwyn",US-2017-122714,1889.99
HG-14965,"Henry Goldwyn",US-2017-122714,1889.99
HG-14965,"Henry Goldwyn",US-2017-122714,1889.99
HG-14965,"Henry Goldwyn",US-2017-122714,1889.99
HG-14965,"Henry Goldwyn",US-2017-122714,1889.99
HG-14965,"Henry Goldwyn",US-2017-122714,1889.99
HG-14965,"Henry Goldwyn",US-2017-122714,1889.99
HG-14965,"Henry Goldwyn",US-2017-122714,1889.99
RB-19645,"Robert Barroso",CA-2015-153038,94.68799999999999
RB-19645,"Robert Barroso",CA-2015-153038,94.68799999999999
RB-19645,"Robert Barroso",CA-2015-153038,94.68799999999999
RB-19645,"Robert Barroso",CA-2015-153038,94.68799999999999
RB-19645,"Robert Barroso",CA-2015-153038,94.68799999999999
KS-16300,"Karen Seio",CA-2017-155824,61.876
KS-16300,"Karen Seio",CA-2017-155824,61.876
KS-16300,"Karen Seio",CA-2017-155824,61.876
LR-17035,"Lisa Ryan",CA-2015-102876,806.4090000000001
LR-17035,"Lisa Ryan",CA-2015-102876,806.4090000000001
LR-17035,"Lisa Ryan",CA-2015-102876,806.4090000000001
LR-17035,"Lisa Ryan",CA-2015-102876,806.4090000000001
LR-17035,"Lisa Ryan",CA-2015-102876,806.4090000000001
TH-21100,"Thea Hendricks",CA-2014-153850,1537.5439999999999
TH-21100,"Thea Hendricks",CA-2014-153850,1537.5439999999999
TH-21100,"Thea Hendricks",CA-2014-153850,1537.5439999999999
TH-21100,"Thea Hendricks",CA-2014-153850,1537.5439999999999
TH-21100,"Thea Hendricks",CA-2014-153850,1537.5439999999999
JE-15475,"Jeremy Ellison",CA-2016-133795,885.03
JE-15475,"Jeremy Ellison",CA-2016-133795,885.03
JE-15475,"Jeremy Ellison",CA-2016-133795,885.03
JE-15475,"Jeremy Ellison",CA-2016-133795,885.03
JE-15475,"Jeremy Ellison",CA-2016-133795,885.03
JE-15475,"Jeremy Ellison",CA-2016-133795,885.03
RF-19735,"Roland Fjeld",US-2017-130953,935.74
RF-19735,"Roland Fjeld",US-2017-130953,935.74
RF-19735,"Roland Fjeld",US-2017-130953,935.74
RF-19735,"Roland Fjeld",US-2017-130953,935.74
RF-19735,"Roland Fjeld",US-2017-130953,935.74
RF-19735,"Roland Fjeld",US-2017-130953,935.74
RF-19735,"Roland Fjeld",US-2017-130953,935.74
HR-14770,"Hallie Redmond",CA-2015-103954,687.4
HR-14770,"Hallie Redmond",CA-2015-103954,687.4
HR-14770,"Hallie Redmond",CA-2015-103954,687.4
HR-14770,"Hallie Redmond",CA-2015-103954,687.4
HR-14770,"Hallie Redmond",CA-2015-103954,687.4
AH-10465,"Amy Hunt",CA-2015-141243,1757.8536
AH-10465,"Amy Hunt",CA-2015-141243,1757.8536
AH-10465,"Amy Hunt",CA-2015-141243,1757.8536
AH-10465,"Amy Hunt",CA-2015-141243,1757.8536
BK-11260,"Berenike Kampe",US-2014-140452,314.55
BK-11260,"Berenike Kampe",US-2014-140452,314.55
BK-11260,"Berenike Kampe",US-2014-140452,314.55
BK-11260,"Berenike Kampe",US-2014-140452,314.55
BK-11260,"Berenike Kampe",US-2014-140452,314.55
GM-14500,"Gene McClure",CA-2015-127173,743.4259999999999
GM-14500,"Gene McClure",CA-2015-127173,743.4259999999999
GM-14500,"Gene McClure",CA-2015-127173,743.4259999999999
GM-14500,"Gene McClure",CA-2015-127173,743.4259999999999
GM-14500,"Gene McClure",CA-2015-127173,743.4259999999999
GM-14500,"Gene McClure",CA-2015-127173,743.4259999999999
GM-14500,"Gene McClure",CA-2015-127173,743.4259999999999
GM-14500,"Gene McClure",CA-2015-127173,743.4259999999999
GM-14500,"Gene McClure",CA-2015-127173,743.4259999999999
DM-13015,"Darrin Martin",CA-2014-160766,4283.7919999999995
DM-13015,"Darrin Martin",CA-2014-160766,4283.7919999999995
DM-13015,"Darrin Martin",CA-2014-160766,4283.7919999999995
DM-13015,"Darrin Martin",CA-2014-160766,4283.7919999999995
DM-13015,"Darrin Martin",CA-2014-160766,4283.7919999999995
DM-13015,"Darrin Martin",CA-2014-160766,4283.7919999999995
FP-14320,"Frank Preis",CA-2016-111213,1384.924
FP-14320,"Frank Preis",CA-2016-111213,1384.924
FP-14320,"Frank Preis",CA-2016-111213,1384.924
FP-14320,"Frank Preis",CA-2016-111213,1384.924
FP-14320,"Frank Preis",CA-2016-111213,1384.924
FP-14320,"Frank Preis",CA-2016-111213,1384.924
JL-15175,"James Lanier",CA-2017-128734,850.92
JL-15175,"James Lanier",CA-2017-128734,850.92
JL-15175,"James Lanier",CA-2017-128734,850.92
JL-15175,"James Lanier",CA-2017-128734,850.92
JL-15175,"James Lanier",CA-2017-128734,850.92
GH-14410,"Gary Hansen",CA-2017-163006,1584.8659999999998
GH-14410,"Gary Hansen",CA-2017-163006,1584.8659999999998
GH-14410,"Gary Hansen",CA-2017-163006,1584.8659999999998
GH-14410,"Gary Hansen",CA-2017-163006,1584.8659999999998
GH-14410,"Gary Hansen",CA-2017-163006,1584.8659999999998
GH-14410,"Gary Hansen",CA-2017-163006,1584.8659999999998
GH-14410,"Gary Hansen",CA-2017-163006,1584.8659999999998
GH-14410,"Gary Hansen",CA-2017-163006,1584.8659999999998
GH-14410,"Gary Hansen",CA-2017-163006,1584.8659999999998
TS-21430,"Tom Stivers",CA-2014-111192,1367.84
TS-21430,"Tom Stivers",CA-2014-111192,1367.84
TS-21430,"Tom Stivers",CA-2014-111192,1367.84
TS-21430,"Tom Stivers",CA-2014-111192,1367.84
TS-21430,"Tom Stivers",CA-2014-111192,1367.84
LA-16780,"Laura Armstrong",CA-2016-122903,3963.57
LA-16780,"Laura Armstrong",CA-2016-122903,3963.57
LA-16780,"Laura Armstrong",CA-2016-122903,3963.57
LA-16780,"Laura Armstrong",CA-2016-122903,3963.57
LA-16780,"Laura Armstrong",CA-2016-122903,3963.57
LA-16780,"Laura Armstrong",CA-2016-122903,3963.57
LA-16780,"Laura Armstrong",CA-2016-122903,3963.57
LA-16780,"Laura Armstrong",CA-2016-122903,3963.57
LA-16780,"Laura Armstrong",CA-2016-122903,3963.57
LA-16780,"Laura Armstrong",CA-2016-122903,3963.57
LA-16780,"Laura Armstrong",CA-2016-122903,3963.57
JD-15790,"John Dryer",CA-2015-134719,1801.632
JD-15790,"John Dryer",CA-2015-134719,1801.632
JD-15790,"John Dryer",CA-2015-134719,1801.632
JD-15790,"John Dryer",CA-2015-134719,1801.632
JD-15790,"John Dryer",CA-2015-134719,1801.632
EH-14125,"Eugene Hildebrand",US-2015-154389,748.752
EH-14125,"Eugene Hildebrand",US-2015-154389,748.752
EH-14125,"Eugene Hildebrand",US-2015-154389,748.752
EH-14125,"Eugene Hildebrand",US-2015-154389,748.752
EH-14125,"Eugene Hildebrand",US-2015-154389,748.752
EH-14125,"Eugene Hildebrand",US-2015-154389,748.752
EH-14125,"Eugene Hildebrand",US-2015-154389,748.752
EH-14125,"Eugene Hildebrand",US-2015-154389,748.752
EH-14125,"Eugene Hildebrand",US-2015-154389,748.752
EH-14125,"Eugene Hildebrand",US-2015-154389,748.752
ZC-21910,"Zuschuss Carroll",CA-2015-115567,1716.16
ZC-21910,"Zuschuss Carroll",CA-2015-115567,1716.16
ZC-21910,"Zuschuss Carroll",CA-2015-115567,1716.16
ZC-21910,"Zuschuss Carroll",CA-2015-115567,1716.16
ZC-21910,"Zuschuss Carroll",CA-2015-115567,1716.16
ZC-21910,"Zuschuss Carroll",CA-2015-115567,1716.16
ZC-21910,"Zuschuss Carroll",CA-2015-115567,1716.16
ZC-21910,"Zuschuss Carroll",CA-2015-115567,1716.16
ZC-21910,"Zuschuss Carroll",CA-2015-115567,1716.16
ZC-21910,"Zuschuss Carroll",CA-2015-115567,1716.16
ZC-21910,"Zuschuss Carroll",CA-2015-115567,1716.16
AA-10315,"Alex Avila",CA-2016-103982,4406.072
AA-10315,"Alex Avila",CA-2016-103982,4406.072
AA-10315,"Alex Avila",CA-2016-103982,4406.072
AA-10315,"Alex Avila",CA-2016-103982,4406.072
LS-17200,"Luke Schmidt",CA-2014-115084,605.34
LS-17200,"Luke Schmidt",CA-2014-115084,605.34
LS-17200,"Luke Schmidt",CA-2014-115084,605.34
LS-17200,"Luke Schmidt",CA-2014-115084,605.34
LS-17200,"Luke Schmidt",CA-2014-115084,605.34
LS-17200,"Luke Schmidt",CA-2014-115084,605.34
EC-14050,"Erin Creighton",US-2016-169369,299.07
EC-14050,"Erin Creighton",US-2016-169369,299.07
EC-14050,"Erin Creighton",US-2016-169369,299.07
EC-14050,"Erin Creighton",US-2016-169369,299.07
EC-14050,"Erin Creighton",US-2016-169369,299.07
LH-17020,"Lisa Hazard",CA-2017-105991,120.783
LH-17020,"Lisa Hazard",CA-2017-105991,120.783
LH-17020,"Lisa Hazard",CA-2017-105991,120.783
LH-17020,"Lisa Hazard",CA-2017-105991,120.783
KT-16465,"Kean Takahito",CA-2014-146283,1166.7160000000001
KT-16465,"Kean Takahito",CA-2014-146283,1166.7160000000001
KT-16465,"Kean Takahito",CA-2014-146283,1166.7160000000001
KT-16465,"Kean Takahito",CA-2014-146283,1166.7160000000001
KT-16465,"Kean Takahito",CA-2014-146283,1166.7160000000001
KT-16465,"Kean Takahito",CA-2014-146283,1166.7160000000001
TM-21490,"Tony Molinari",CA-2017-108791,558.81
TM-21490,"Tony Molinari",CA-2017-108791,558.81
TM-21490,"Tony Molinari",CA-2017-108791,558.81
AH-10690,"Anna Häberlin",CA-2016-113831,4317.3
AH-10690,"Anna Häberlin",CA-2016-113831,4317.3
AH-10690,"Anna Häberlin",CA-2016-113831,4317.3
AH-10690,"Anna Häberlin",CA-2016-113831,4317.3
AH-10690,"Anna Häberlin",CA-2016-113831,4317.3
AH-10690,"Anna Häberlin",CA-2016-113831,4317.3
AH-10690,"Anna Häberlin",CA-2016-113831,4317.3
AH-10690,"Anna Häberlin",CA-2016-113831,4317.3
AH-10690,"Anna Häberlin",CA-2016-113831,4317.3
AH-10690,"Anna Häberlin",CA-2016-113831,4317.3
AH-10690,"Anna Häberlin",CA-2016-113831,4317.3
AH-10690,"Anna Häberlin",CA-2016-113831,4317.3
NC-18415,"Nathan Cano",CA-2017-131254,1729.286
NC-18415,"Nathan Cano",CA-2017-131254,1729.286
NC-18415,"Nathan Cano",CA-2017-131254,1729.286
NC-18415,"Nathan Cano",CA-2017-131254,1729.286
NC-18415,"Nathan Cano",CA-2017-131254,1729.286
NC-18415,"Nathan Cano",CA-2017-131254,1729.286
Dp-13240,"Dean percer",US-2017-162558,2437.672
Dp-13240,"Dean percer",US-2017-162558,2437.672
Dp-13240,"Dean percer",US-2017-162558,2437.672
Dp-13240,"Dean percer",US-2017-162558,2437.672
Dp-13240,"Dean percer",US-2017-162558,2437.672
Dp-13240,"Dean percer",US-2017-162558,2437.672
Dp-13240,"Dean percer",US-2017-162558,2437.672
Dp-13240,"Dean percer",US-2017-162558,2437.672
Dp-13240,"Dean percer",US-2017-162558,2437.672
Dp-13240,"Dean percer",US-2017-162558,2437.672
Dp-13240,"Dean percer",US-2017-162558,2437.672
DV-13465,"Dianna Vittorini",CA-2015-146486,1170.72
DV-13465,"Dianna Vittorini",CA-2015-146486,1170.72
DV-13465,"Dianna Vittorini",CA-2015-146486,1170.72
DV-13465,"Dianna Vittorini",CA-2015-146486,1170.72
DV-13465,"Dianna Vittorini",CA-2015-146486,1170.72
JK-15325,"Jason Klamczynski",US-2014-168501,269.592
JK-15325,"Jason Klamczynski",US-2014-168501,269.592
JK-15325,"Jason Klamczynski",US-2014-168501,269.592
NB-18655,"Nona Balk",CA-2014-125542,521.2239999999999
NB-18655,"Nona Balk",CA-2014-125542,521.2239999999999
NB-18655,"Nona Balk",CA-2014-125542,521.2239999999999
NB-18655,"Nona Balk",CA-2014-125542,521.2239999999999
NB-18655,"Nona Balk",CA-2014-125542,521.2239999999999
NB-18655,"Nona Balk",CA-2014-125542,521.2239999999999
NB-18655,"Nona Balk",CA-2014-125542,521.2239999999999
NB-18655,"Nona Balk",CA-2014-125542,521.2239999999999
JM-15580,"Jill Matthias",CA-2016-136021,121.09200000000001
JM-15580,"Jill Matthias",CA-2016-136021,121.09200000000001
JM-15580,"Jill Matthias",CA-2016-136021,121.09200000000001
JM-15580,"Jill Matthias",CA-2016-136021,121.09200000000001
JM-15580,"Jill Matthias",CA-2016-136021,121.09200000000001
GR-14560,"Georgia Rosenberg",US-2014-123183,1271.42
GR-14560,"Georgia Rosenberg",US-2014-123183,1271.42
HF-14995,"Herbert Flentye",CA-2016-117681,556.665
HF-14995,"Herbert Flentye",CA-2016-117681,556.665
HF-14995,"Herbert Flentye",CA-2016-117681,556.665
HF-14995,"Herbert Flentye",CA-2016-117681,556.665
HF-14995,"Herbert Flentye",CA-2016-117681,556.665
HF-14995,"Herbert Flentye",CA-2016-117681,556.665
ML-18265,"Muhammed Lee",CA-2017-132262,151.96
ML-18265,"Muhammed Lee",CA-2017-132262,151.96
NM-18520,"Neoma Murray",CA-2016-153598,1761.8500000000001
NM-18520,"Neoma Murray",CA-2016-153598,1761.8500000000001
NM-18520,"Neoma Murray",CA-2016-153598,1761.8500000000001
NM-18520,"Neoma Murray",CA-2016-153598,1761.8500000000001
NM-18520,"Neoma Murray",CA-2016-153598,1761.8500000000001
NM-18520,"Neoma Murray",CA-2016-153598,1761.8500000000001
NM-18520,"Neoma Murray",CA-2016-153598,1761.8500000000001
NM-18520,"Neoma Murray",CA-2016-153598,1761.8500000000001
EH-14185,"Evan Henry",CA-2016-167115,588.784
EH-14185,"Evan Henry",CA-2016-167115,588.784
EH-14185,"Evan Henry",CA-2016-167115,588.784
EH-14185,"Evan Henry",CA-2016-167115,588.784
EH-14185,"Evan Henry",CA-2016-167115,588.784
DH-13675,"Duane Huffman",CA-2014-105249,460.092
DH-13675,"Duane Huffman",CA-2014-105249,460.092
DH-13675,"Duane Huffman",CA-2014-105249,460.092
DH-13675,"Duane Huffman",CA-2014-105249,460.092
KC-16255,"Karen Carlisle",US-2016-138408,1319.96
KC-16255,"Karen Carlisle",US-2016-138408,1319.96
KC-16255,"Karen Carlisle",US-2016-138408,1319.96
KC-16255,"Karen Carlisle",US-2016-138408,1319.96
KC-16255,"Karen Carlisle",US-2016-138408,1319.96
MS-17980,"Michael Stewart",CA-2017-117667,588.008
MS-17980,"Michael Stewart",CA-2017-117667,588.008
MS-17980,"Michael Stewart",CA-2017-117667,588.008
MS-17980,"Michael Stewart",CA-2017-117667,588.008
MS-17980,"Michael Stewart",CA-2017-117667,588.008
JK-16090,"Juliana Krohn",CA-2017-160885,2479.96
JK-16090,"Juliana Krohn",CA-2017-160885,2479.96
JK-16090,"Juliana Krohn",CA-2017-160885,2479.96
SU-20665,"Stephanie Ulpright",CA-2017-157966,1358.866
SU-20665,"Stephanie Ulpright",CA-2017-157966,1358.866
SU-20665,"Stephanie Ulpright",CA-2017-157966,1358.866
SU-20665,"Stephanie Ulpright",CA-2017-157966,1358.866
SU-20665,"Stephanie Ulpright",CA-2017-157966,1358.866
SU-20665,"Stephanie Ulpright",CA-2017-157966,1358.866
RF-19840,"Roy Französisch",CA-2016-136686,440.15999999999997
RF-19840,"Roy Französisch",CA-2016-136686,440.15999999999997
RF-19840,"Roy Französisch",CA-2016-136686,440.15999999999997
RF-19840,"Roy Französisch",CA-2016-136686,440.15999999999997
RF-19840,"Roy Französisch",CA-2016-136686,440.15999999999997
RF-19840,"Roy Französisch",CA-2016-136686,440.15999999999997
RF-19840,"Roy Französisch",CA-2016-136686,440.15999999999997
VP-21730,"Victor Preis",CA-2017-105333,899.1099999999999
VP-21730,"Victor Preis",CA-2017-105333,899.1099999999999
VP-21730,"Victor Preis",CA-2017-105333,899.1099999999999
JP-15460,"Jennifer Patt",CA-2016-158001,1091.4399999999998
JP-15460,"Jennifer Patt",CA-2016-158001,1091.4399999999998
JP-15460,"Jennifer Patt",CA-2016-158001,1091.4399999999998
JP-15460,"Jennifer Patt",CA-2016-158001,1091.4399999999998
JP-15460,"Jennifer Patt",CA-2016-158001,1091.4399999999998
SC-20695,"Steve Chapman",US-2016-124163,773.59
SC-20695,"Steve Chapman",US-2016-124163,773.59
SC-20695,"Steve Chapman",US-2016-124163,773.59
SC-20695,"Steve Chapman",US-2016-124163,773.59
SC-20695,"Steve Chapman",US-2016-124163,773.59
SC-20695,"Steve Chapman",US-2016-124163,773.59
SC-20695,"Steve Chapman",US-2016-124163,773.59
SC-20695,"Steve Chapman",US-2016-124163,773.59
SC-20695,"Steve Chapman",US-2016-124163,773.59
PP-18955,"Paul Prost",CA-2014-126683,2354.98
PP-18955,"Paul Prost",CA-2014-126683,2354.98
PP-18955,"Paul Prost",CA-2014-126683,2354.98
PP-18955,"Paul Prost",CA-2014-126683,2354.98
PP-18955,"Paul Prost",CA-2014-126683,2354.98
PP-18955,"Paul Prost",CA-2014-126683,2354.98
PP-18955,"Paul Prost",CA-2014-126683,2354.98
PP-18955,"Paul Prost",CA-2014-126683,2354.98
PP-18955,"Paul Prost",CA-2014-126683,2354.98
PP-18955,"Paul Prost",CA-2014-126683,2354.98
GM-14440,"Gary McGarr",CA-2014-154893,1897.92
GM-14440,"Gary McGarr",CA-2014-154893,1897.92
GM-14440,"Gary McGarr",CA-2014-154893,1897.92
GM-14440,"Gary McGarr",CA-2014-154893,1897.92
GM-14440,"Gary McGarr",CA-2014-154893,1897.92
GM-14440,"Gary McGarr",CA-2014-154893,1897.92
AH-10120,"Adrian Hane",CA-2016-145261,610.4179999999999
AH-10120,"Adrian Hane",CA-2016-145261,610.4179999999999
AH-10120,"Adrian Hane",CA-2016-145261,610.4179999999999
AH-10120,"Adrian Hane",CA-2016-145261,610.4179999999999
AH-10120,"Adrian Hane",CA-2016-145261,610.4179999999999
AH-10120,"Adrian Hane",CA-2016-145261,610.4179999999999
AH-10120,"Adrian Hane",CA-2016-145261,610.4179999999999
RD-19585,"Rob Dowd",CA-2014-164315,1220.67
RD-19585,"Rob Dowd",CA-2014-164315,1220.67
RD-19585,"Rob Dowd",CA-2014-164315,1220.67
RD-19585,"Rob Dowd",CA-2014-164315,1220.67
RD-19585,"Rob Dowd",CA-2014-164315,1220.67
RD-19585,"Rob Dowd",CA-2014-164315,1220.67
RD-19585,"Rob Dowd",CA-2014-164315,1220.67
RD-19585,"Rob Dowd",CA-2014-164315,1220.67
RD-19585,"Rob Dowd",CA-2014-164315,1220.67
SS-20875,"Sung Shariari",US-2014-123519,403.114
SS-20875,"Sung Shariari",US-2014-123519,403.114
SS-20875,"Sung Shariari",US-2014-123519,403.114
SS-20875,"Sung Shariari",US-2014-123519,403.114
SS-20875,"Sung Shariari",US-2014-123519,403.114
NW-18400,"Natalie Webber",US-2015-160857,3384.518
NW-18400,"Natalie Webber",US-2015-160857,3384.518
NW-18400,"Natalie Webber",US-2015-160857,3384.518
NW-18400,"Natalie Webber",US-2015-160857,3384.518
NW-18400,"Natalie Webber",US-2015-160857,3384.518
NW-18400,"Natalie Webber",US-2015-160857,3384.518
NW-18400,"Natalie Webber",US-2015-160857,3384.518
VG-21805,"Vivek Grady",CA-2014-103191,331.536
VG-21805,"Vivek Grady",CA-2014-103191,331.536
VG-21805,"Vivek Grady",CA-2014-103191,331.536
VG-21805,"Vivek Grady",CA-2014-103191,331.536
VG-21805,"Vivek Grady",CA-2014-103191,331.536
JP-15520,"Jeremy Pistek",CA-2017-117324,1816.3600000000001
JP-15520,"Jeremy Pistek",CA-2017-117324,1816.3600000000001
JP-15520,"Jeremy Pistek",CA-2017-117324,1816.3600000000001
JP-15520,"Jeremy Pistek",CA-2017-117324,1816.3600000000001
JP-15520,"Jeremy Pistek",CA-2017-117324,1816.3600000000001
JP-15520,"Jeremy Pistek",CA-2017-117324,1816.3600000000001
JP-15520,"Jeremy Pistek",CA-2017-117324,1816.3600000000001
LC-17050,"Liz Carlisle",CA-2016-118514,866.4
LC-17050,"Liz Carlisle",CA-2016-118514,866.4
LC-17050,"Liz Carlisle",CA-2016-118514,866.4
LC-17050,"Liz Carlisle",CA-2016-118514,866.4
HG-15025,"Hunter Glantz",CA-2014-163748,2003.1200000000001
HG-15025,"Hunter Glantz",CA-2014-163748,2003.1200000000001
HG-15025,"Hunter Glantz",CA-2014-163748,2003.1200000000001
HG-15025,"Hunter Glantz",CA-2014-163748,2003.1200000000001
HG-15025,"Hunter Glantz",CA-2014-163748,2003.1200000000001
HG-15025,"Hunter Glantz",CA-2014-163748,2003.1200000000001
HG-15025,"Hunter Glantz",CA-2014-163748,2003.1200000000001
BW-11065,"Barry Weirich",CA-2015-119634,46.152
BW-11065,"Barry Weirich",CA-2015-119634,46.152
SC-20440,"Shaun Chance",CA-2015-103835,1173.03
SC-20440,"Shaun Chance",CA-2015-103835,1173.03
SC-20440,"Shaun Chance",CA-2015-103835,1173.03
SC-20440,"Shaun Chance",CA-2015-103835,1173.03
SC-20440,"Shaun Chance",CA-2015-103835,1173.03
SC-20440,"Shaun Chance",CA-2015-103835,1173.03
EA-14035,"Erin Ashbrook",CA-2015-158939,599.99
EA-14035,"Erin Ashbrook",CA-2015-158939,599.99
EA-14035,"Erin Ashbrook",CA-2015-158939,599.99
EA-14035,"Erin Ashbrook",CA-2015-158939,599.99
EA-14035,"Erin Ashbrook",CA-2015-158939,599.99
EA-14035,"Erin Ashbrook",CA-2015-158939,599.99
EA-14035,"Erin Ashbrook",CA-2015-158939,599.99
EA-14035,"Erin Ashbrook",CA-2015-158939,599.99
EA-14035,"Erin Ashbrook",CA-2015-158939,599.99
EA-14035,"Erin Ashbrook",CA-2015-158939,599.99
EA-14035,"Erin Ashbrook",CA-2015-158939,599.99
EA-14035,"Erin Ashbrook",CA-2015-158939,599.99
BP-11290,"Beth Paige",CA-2016-142398,651.496
BP-11290,"Beth Paige",CA-2016-142398,651.496
BP-11290,"Beth Paige",CA-2016-142398,651.496
BP-11290,"Beth Paige",CA-2016-142398,651.496
BP-11290,"Beth Paige",CA-2016-142398,651.496
BP-11290,"Beth Paige",CA-2016-142398,651.496
MG-18205,"Mitch Gastineau",CA-2017-115070,12.32
LD-17005,"Lisa DeCherney",CA-2014-124856,1609.32
LD-17005,"Lisa DeCherney",CA-2014-124856,1609.32
LD-17005,"Lisa DeCherney",CA-2014-124856,1609.32
LS-17245,"Lynn Smith",CA-2014-124730,414.63
LS-17245,"Lynn Smith",CA-2014-124730,414.63
LS-17245,"Lynn Smith",CA-2014-124730,414.63
LS-17245,"Lynn Smith",CA-2014-124730,414.63
LS-17245,"Lynn Smith",CA-2014-124730,414.63
LS-17245,"Lynn Smith",CA-2014-124730,414.63
CS-12175,"Charles Sheldon",CA-2017-117632,551.038
CS-12175,"Charles Sheldon",CA-2017-117632,551.038
CS-12175,"Charles Sheldon",CA-2017-117632,551.038
CS-12175,"Charles Sheldon",CA-2017-117632,551.038
CS-12175,"Charles Sheldon",CA-2017-117632,551.038
KB-16405,"Katrina Bavinger",CA-2017-161067,697.5249999999999
KB-16405,"Katrina Bavinger",CA-2017-161067,697.5249999999999
KB-16405,"Katrina Bavinger",CA-2017-161067,697.5249999999999
BS-11665,"Brian Stugart",CA-2015-126725,1873.606
BS-11665,"Brian Stugart",CA-2015-126725,1873.606
BS-11665,"Brian Stugart",CA-2015-126725,1873.606
PO-19180,"Philisse Overcash",CA-2015-121783,2165.1200000000003
PO-19180,"Philisse Overcash",CA-2015-121783,2165.1200000000003
PO-19180,"Philisse Overcash",CA-2015-121783,2165.1200000000003
PO-19180,"Philisse Overcash",CA-2015-121783,2165.1200000000003
PO-19180,"Philisse Overcash",CA-2015-121783,2165.1200000000003
PO-19180,"Philisse Overcash",CA-2015-121783,2165.1200000000003
PO-19180,"Philisse Overcash",CA-2015-121783,2165.1200000000003
MS-17530,"MaryBeth Skach",CA-2015-108119,301.96
MS-17530,"MaryBeth Skach",CA-2015-108119,301.96
MS-17530,"MaryBeth Skach",CA-2015-108119,301.96
MS-17530,"MaryBeth Skach",CA-2015-108119,301.96
RS-19420,"Ricardo Sperren",US-2014-117968,1217.3799999999999
RS-19420,"Ricardo Sperren",US-2014-117968,1217.3799999999999
RS-19420,"Ricardo Sperren",US-2014-117968,1217.3799999999999
RS-19420,"Ricardo Sperren",US-2014-117968,1217.3799999999999
RS-19420,"Ricardo Sperren",US-2014-117968,1217.3799999999999
MA-17995,"Michelle Arnett",CA-2016-152247,1603.136
MA-17995,"Michelle Arnett",CA-2016-152247,1603.136
MA-17995,"Michelle Arnett",CA-2016-152247,1603.136
MA-17995,"Michelle Arnett",CA-2016-152247,1603.136
MA-17995,"Michelle Arnett",CA-2016-152247,1603.136
MA-17995,"Michelle Arnett",CA-2016-152247,1603.136
EB-13705,"Ed Braxton",CA-2016-128223,1293.488
EB-13705,"Ed Braxton",CA-2016-128223,1293.488
EB-13705,"Ed Braxton",CA-2016-128223,1293.488
EB-13705,"Ed Braxton",CA-2016-128223,1293.488
EB-13705,"Ed Braxton",CA-2016-128223,1293.488
EB-13705,"Ed Braxton",CA-2016-128223,1293.488
EB-13705,"Ed Braxton",CA-2016-128223,1293.488
EB-13705,"Ed Braxton",CA-2016-128223,1293.488
EB-13705,"Ed Braxton",CA-2016-128223,1293.488
FG-14260,"Frank Gastineau",CA-2014-152443,711.6800000000001
FG-14260,"Frank Gastineau",CA-2014-152443,711.6800000000001
FG-14260,"Frank Gastineau",CA-2014-152443,711.6800000000001
FG-14260,"Frank Gastineau",CA-2014-152443,711.6800000000001
FG-14260,"Frank Gastineau",CA-2014-152443,711.6800000000001
FG-14260,"Frank Gastineau",CA-2014-152443,711.6800000000001
EH-13765,"Edward Hooks",CA-2016-136301,4940.87
EH-13765,"Edward Hooks",CA-2016-136301,4940.87
EH-13765,"Edward Hooks",CA-2016-136301,4940.87
EH-13765,"Edward Hooks",CA-2016-136301,4940.87
EH-13765,"Edward Hooks",CA-2016-136301,4940.87
EH-13765,"Edward Hooks",CA-2016-136301,4940.87
EH-13765,"Edward Hooks",CA-2016-136301,4940.87
EH-13765,"Edward Hooks",CA-2016-136301,4940.87
EH-13765,"Edward Hooks",CA-2016-136301,4940.87
PF-19120,"Peter Fuller",US-2015-126977,7678.228
PF-19120,"Peter Fuller",US-2015-126977,7678.228
PF-19120,"Peter Fuller",US-2015-126977,7678.228
PF-19120,"Peter Fuller",US-2015-126977,7678.228
GD-14590,"Giulietta Dortch",CA-2017-150420,1099.5
GD-14590,"Giulietta Dortch",CA-2017-150420,1099.5
GD-14590,"Giulietta Dortch",CA-2017-150420,1099.5
GD-14590,"Giulietta Dortch",CA-2017-150420,1099.5
RA-19885,"Ruben Ausman",US-2014-118997,1215.92
RA-19885,"Ruben Ausman",US-2014-118997,1215.92
RA-19885,"Ruben Ausman",US-2014-118997,1215.92
RA-19885,"Ruben Ausman",US-2014-118997,1215.92
RA-19885,"Ruben Ausman",US-2014-118997,1215.92
RA-19885,"Ruben Ausman",US-2014-118997,1215.92
RA-19885,"Ruben Ausman",US-2014-118997,1215.92
VG-21790,"Vivek Gonzalez",CA-2016-151092,211.168
VG-21790,"Vivek Gonzalez",CA-2016-151092,211.168
VG-21790,"Vivek Gonzalez",CA-2016-151092,211.168
VG-21790,"Vivek Gonzalez",CA-2016-151092,211.168
VG-21790,"Vivek Gonzalez",CA-2016-151092,211.168
BD-11770,"Bryan Davis",CA-2017-115105,240.784
BD-11770,"Bryan Davis",CA-2017-115105,240.784
BD-11770,"Bryan Davis",CA-2017-115105,240.784
BD-11770,"Bryan Davis",CA-2017-115105,240.784
SV-20935,"Susan Vittorini",CA-2017-116953,552
SV-20935,"Susan Vittorini",CA-2017-116953,552
SV-20935,"Susan Vittorini",CA-2017-116953,552
SV-20935,"Susan Vittorini",CA-2017-116953,552
SV-20935,"Susan Vittorini",CA-2017-116953,552
SV-20935,"Susan Vittorini",CA-2017-116953,552
SV-20935,"Susan Vittorini",CA-2017-116953,552
SV-20935,"Susan Vittorini",CA-2017-116953,552
JS-16030,"Joy Smith",CA-2016-163776,1110.5
JS-16030,"Joy Smith",CA-2016-163776,1110.5
JS-16030,"Joy Smith",CA-2016-163776,1110.5
JS-16030,"Joy Smith",CA-2016-163776,1110.5
JS-16030,"Joy Smith",CA-2016-163776,1110.5
JS-16030,"Joy Smith",CA-2016-163776,1110.5
ES-14020,"Erica Smith",US-2017-163300,2911.7839999999997
ES-14020,"Erica Smith",US-2017-163300,2911.7839999999997
ES-14020,"Erica Smith",US-2017-163300,2911.7839999999997
ES-14020,"Erica Smith",US-2017-163300,2911.7839999999997
ES-14020,"Erica Smith",US-2017-163300,2911.7839999999997
NS-18640,"Noel Staavos",CA-2016-162187,1252.636
NS-18640,"Noel Staavos",CA-2016-162187,1252.636
NS-18640,"Noel Staavos",CA-2016-162187,1252.636
NS-18640,"Noel Staavos",CA-2016-162187,1252.636
NS-18640,"Noel Staavos",CA-2016-162187,1252.636
NS-18640,"Noel Staavos",CA-2016-162187,1252.636
NS-18640,"Noel Staavos",CA-2016-162187,1252.636
NS-18640,"Noel Staavos",CA-2016-162187,1252.636
NS-18640,"Noel Staavos",CA-2016-162187,1252.636
NS-18640,"Noel Staavos",CA-2016-162187,1252.636
NS-18640,"Noel Staavos",CA-2016-162187,1252.636
NS-18640,"Noel Staavos",CA-2016-162187,1252.636
CL-12565,"Clay Ludtke",CA-2015-135580,3251.34
CL-12565,"Clay Ludtke",CA-2015-135580,3251.34
CL-12565,"Clay Ludtke",CA-2015-135580,3251.34
CL-12565,"Clay Ludtke",CA-2015-135580,3251.34
CL-12565,"Clay Ludtke",CA-2015-135580,3251.34
CL-12565,"Clay Ludtke",CA-2015-135580,3251.34
CL-12565,"Clay Ludtke",CA-2015-135580,3251.34
CL-12565,"Clay Ludtke",CA-2015-135580,3251.34
CL-12565,"Clay Ludtke",CA-2015-135580,3251.34
CL-12565,"Clay Ludtke",CA-2015-135580,3251.34
CL-12565,"Clay Ludtke",CA-2015-135580,3251.34
KF-16285,"Karen Ferguson",CA-2016-159016,4173.812
KF-16285,"Karen Ferguson",CA-2016-159016,4173.812
KF-16285,"Karen Ferguson",CA-2016-159016,4173.812
KF-16285,"Karen Ferguson",CA-2016-159016,4173.812
KF-16285,"Karen Ferguson",CA-2016-159016,4173.812
KF-16285,"Karen Ferguson",CA-2016-159016,4173.812
KF-16285,"Karen Ferguson",CA-2016-159016,4173.812
FA-14230,"Frank Atkinson",CA-2017-122364,1365.48
FA-14230,"Frank Atkinson",CA-2017-122364,1365.48
FA-14230,"Frank Atkinson",CA-2017-122364,1365.48
FA-14230,"Frank Atkinson",CA-2017-122364,1365.48
FA-14230,"Frank Atkinson",CA-2017-122364,1365.48
FA-14230,"Frank Atkinson",CA-2017-122364,1365.48
RA-19285,"Ralph Arnett",CA-2015-111780,1230.5
RA-19285,"Ralph Arnett",CA-2015-111780,1230.5
RA-19285,"Ralph Arnett",CA-2015-111780,1230.5
RA-19285,"Ralph Arnett",CA-2015-111780,1230.5
RA-19285,"Ralph Arnett",CA-2015-111780,1230.5
RA-19285,"Ralph Arnett",CA-2015-111780,1230.5
RA-19285,"Ralph Arnett",CA-2015-111780,1230.5
RA-19285,"Ralph Arnett",CA-2015-111780,1230.5
CC-12430,"Chuck Clark",CA-2017-166695,868.452
CC-12430,"Chuck Clark",CA-2017-166695,868.452
CC-12430,"Chuck Clark",CA-2017-166695,868.452
CC-12430,"Chuck Clark",CA-2017-166695,868.452
CC-12430,"Chuck Clark",CA-2017-166695,868.452
CC-12430,"Chuck Clark",CA-2017-166695,868.452
CC-12430,"Chuck Clark",CA-2017-166695,868.452
CC-12430,"Chuck Clark",CA-2017-166695,868.452
PG-18820,"Patrick Gardner",CA-2016-151561,744.1500000000001
PG-18820,"Patrick Gardner",CA-2016-151561,744.1500000000001
PG-18820,"Patrick Gardner",CA-2016-151561,744.1500000000001
PG-18820,"Patrick Gardner",CA-2016-151561,744.1500000000001
PG-18820,"Patrick Gardner",CA-2016-151561,744.1500000000001
PG-18820,"Patrick Gardner",CA-2016-151561,744.1500000000001
PG-18820,"Patrick Gardner",CA-2016-151561,744.1500000000001
PG-18820,"Patrick Gardner",CA-2016-151561,744.1500000000001
PG-18820,"Patrick Gardner",CA-2016-151561,744.1500000000001
PG-18820,"Patrick Gardner",CA-2016-151561,744.1500000000001
PG-18820,"Patrick Gardner",CA-2016-151561,744.1500000000001
SV-20365,"Seth Vernon",CA-2017-100111,7309.6140000000005
SV-20365,"Seth Vernon",CA-2017-100111,7309.6140000000005
SV-20365,"Seth Vernon",CA-2017-100111,7309.6140000000005
SV-20365,"Seth Vernon",CA-2017-100111,7309.6140000000005
SV-20365,"Seth Vernon",CA-2017-100111,7309.6140000000005
SV-20365,"Seth Vernon",CA-2017-100111,7309.6140000000005
SV-20365,"Seth Vernon",CA-2017-100111,7309.6140000000005
SV-20365,"Seth Vernon",CA-2017-100111,7309.6140000000005
SV-20365,"Seth Vernon",CA-2017-100111,7309.6140000000005
SP-20920,"Susan Pistek",CA-2016-124590,3588.096
SP-20920,"Susan Pistek",CA-2016-124590,3588.096
SP-20920,"Susan Pistek",CA-2016-124590,3588.096
SP-20920,"Susan Pistek",CA-2016-124590,3588.096
SP-20920,"Susan Pistek",CA-2016-124590,3588.096
SP-20920,"Susan Pistek",CA-2016-124590,3588.096
CM-12655,"Corinna Mitchell",US-2016-113677,2294.9
CM-12655,"Corinna Mitchell",US-2016-113677,2294.9
CM-12655,"Corinna Mitchell",US-2016-113677,2294.9
CM-12655,"Corinna Mitchell",US-2016-113677,2294.9
CM-12655,"Corinna Mitchell",US-2016-113677,2294.9
EH-13990,"Erica Hackney",CA-2016-124100,327.996
EH-13990,"Erica Hackney",CA-2016-124100,327.996
EH-13990,"Erica Hackney",CA-2016-124100,327.996
EH-13990,"Erica Hackney",CA-2016-124100,327.996
EH-13990,"Erica Hackney",CA-2016-124100,327.996
EH-13990,"Erica Hackney",CA-2016-124100,327.996
TB-21190,"Thomas Brumley",CA-2014-163447,767.214
TB-21190,"Thomas Brumley",CA-2014-163447,767.214
TB-21190,"Thomas Brumley",CA-2014-163447,767.214
TB-21190,"Thomas Brumley",CA-2014-163447,767.214
AO-10810,"Anthony O'Donnell",CA-2016-148096,161.28
GA-14725,"Guy Armstrong",CA-2014-131247,205.666
GA-14725,"Guy Armstrong",CA-2014-131247,205.666
GA-14725,"Guy Armstrong",CA-2014-131247,205.666
GA-14725,"Guy Armstrong",CA-2014-131247,205.666
GA-14725,"Guy Armstrong",CA-2014-131247,205.666
GA-14725,"Guy Armstrong",CA-2014-131247,205.666
GA-14725,"Guy Armstrong",CA-2014-131247,205.666
GA-14725,"Guy Armstrong",CA-2014-131247,205.666
GA-14725,"Guy Armstrong",CA-2014-131247,205.666
GA-14725,"Guy Armstrong",CA-2014-131247,205.666
JF-15190,"Jamie Frazer",CA-2017-121083,847.46
JF-15190,"Jamie Frazer",CA-2017-121083,847.46
JF-15190,"Jamie Frazer",CA-2017-121083,847.46
JF-15190,"Jamie Frazer",CA-2017-121083,847.46
JF-15190,"Jamie Frazer",CA-2017-121083,847.46
JF-15190,"Jamie Frazer",CA-2017-121083,847.46
AC-10660,"Anna Chung",CA-2016-161928,201.584
AC-10660,"Anna Chung",CA-2016-161928,201.584
AC-10660,"Anna Chung",CA-2016-161928,201.584
AC-10660,"Anna Chung",CA-2016-161928,201.584
EK-13795,"Eileen Kiefer",CA-2014-111871,1198.33
EK-13795,"Eileen Kiefer",CA-2014-111871,1198.33
EK-13795,"Eileen Kiefer",CA-2014-111871,1198.33
EK-13795,"Eileen Kiefer",CA-2014-111871,1198.33
AG-10330,"Alex Grayson",CA-2016-104150,248.82
AG-10330,"Alex Grayson",CA-2016-104150,248.82
AG-10330,"Alex Grayson",CA-2016-104150,248.82
AG-10330,"Alex Grayson",CA-2016-104150,248.82
AG-10330,"Alex Grayson",CA-2016-104150,248.82
NZ-18565,"Nick Zandusky",US-2014-106299,886.28
NZ-18565,"Nick Zandusky",US-2014-106299,886.28
NZ-18565,"Nick Zandusky",US-2014-106299,886.28
NZ-18565,"Nick Zandusky",US-2014-106299,886.28
NZ-18565,"Nick Zandusky",US-2014-106299,886.28
NZ-18565,"Nick Zandusky",US-2014-106299,886.28
NZ-18565,"Nick Zandusky",US-2014-106299,886.28
NZ-18565,"Nick Zandusky",US-2014-106299,886.28
NZ-18565,"Nick Zandusky",US-2014-106299,886.28
GB-14575,"Giulietta Baptist",CA-2015-158421,3510
GB-14575,"Giulietta Baptist",CA-2015-158421,3510
GB-14575,"Giulietta Baptist",CA-2015-158421,3510
GB-14575,"Giulietta Baptist",CA-2015-158421,3510
GB-14575,"Giulietta Baptist",CA-2015-158421,3510
JM-15535,"Jessica Myrick",CA-2016-157259,799.56
JM-15535,"Jessica Myrick",CA-2016-157259,799.56
JM-15535,"Jessica Myrick",CA-2016-157259,799.56
JM-15535,"Jessica Myrick",CA-2016-157259,799.56
JM-15535,"Jessica Myrick",CA-2016-157259,799.56
CM-12445,"Chuck Magee",CA-2016-133697,132.95
CM-12445,"Chuck Magee",CA-2016-133697,132.95
CM-12445,"Chuck Magee",CA-2016-133697,132.95
YS-21880,"Yana Sorensen",CA-2017-119809,3793.548
YS-21880,"Yana Sorensen",CA-2017-119809,3793.548
YS-21880,"Yana Sorensen",CA-2017-119809,3793.548
YS-21880,"Yana Sorensen",CA-2017-119809,3793.548
YS-21880,"Yana Sorensen",CA-2017-119809,3793.548
YS-21880,"Yana Sorensen",CA-2017-119809,3793.548
YS-21880,"Yana Sorensen",CA-2017-119809,3793.548
YS-21880,"Yana Sorensen",CA-2017-119809,3793.548
JF-15490,"Jeremy Farry",CA-2015-133445,357.462
JF-15490,"Jeremy Farry",CA-2015-133445,357.462
JF-15490,"Jeremy Farry",CA-2015-133445,357.462
JF-15490,"Jeremy Farry",CA-2015-133445,357.462
JF-15490,"Jeremy Farry",CA-2015-133445,357.462
JF-15490,"Jeremy Farry",CA-2015-133445,357.462
JF-15490,"Jeremy Farry",CA-2015-133445,357.462
JF-15490,"Jeremy Farry",CA-2015-133445,357.462
JF-15490,"Jeremy Farry",CA-2015-133445,357.462
JF-15490,"Jeremy Farry",CA-2015-133445,357.462
JF-15415,"Jennifer Ferguson",US-2017-142188,1820.208
JF-15415,"Jennifer Ferguson",US-2017-142188,1820.208
JF-15415,"Jennifer Ferguson",US-2017-142188,1820.208
JF-15415,"Jennifer Ferguson",US-2017-142188,1820.208
JF-15415,"Jennifer Ferguson",US-2017-142188,1820.208
JF-15415,"Jennifer Ferguson",US-2017-142188,1820.208
LO-17170,"Lori Olson",CA-2017-141572,247.44
LO-17170,"Lori Olson",CA-2017-141572,247.44
LO-17170,"Lori Olson",CA-2017-141572,247.44
LO-17170,"Lori Olson",CA-2017-141572,247.44
LO-17170,"Lori Olson",CA-2017-141572,247.44
NF-18595,"Nicole Fjeld",US-2015-139675,1242.896
NF-18595,"Nicole Fjeld",US-2015-139675,1242.896
NF-18595,"Nicole Fjeld",US-2015-139675,1242.896
NF-18595,"Nicole Fjeld",US-2015-139675,1242.896
NF-18595,"Nicole Fjeld",US-2015-139675,1242.896
NF-18595,"Nicole Fjeld",US-2015-139675,1242.896
AJ-10780,"Anthony Jacobs",CA-2014-141313,2583.1900000000005
AJ-10780,"Anthony Jacobs",CA-2014-141313,2583.1900000000005
AJ-10780,"Anthony Jacobs",CA-2014-141313,2583.1900000000005
AJ-10780,"Anthony Jacobs",CA-2014-141313,2583.1900000000005
AJ-10780,"Anthony Jacobs",CA-2014-141313,2583.1900000000005
AJ-10780,"Anthony Jacobs",CA-2014-141313,2583.1900000000005
AJ-10780,"Anthony Jacobs",CA-2014-141313,2583.1900000000005
TP-21565,"Tracy Poddar",CA-2016-163328,1465.032
TP-21565,"Tracy Poddar",CA-2016-163328,1465.032
TP-21565,"Tracy Poddar",CA-2016-163328,1465.032
TP-21565,"Tracy Poddar",CA-2016-163328,1465.032
NG-18355,"Nat Gilpin",CA-2017-120019,594.5
NG-18355,"Nat Gilpin",CA-2017-120019,594.5
NG-18355,"Nat Gilpin",CA-2017-120019,594.5
NG-18355,"Nat Gilpin",CA-2017-120019,594.5
NG-18355,"Nat Gilpin",CA-2017-120019,594.5
XP-21865,"Xylona Preis",CA-2014-167927,689.566
XP-21865,"Xylona Preis",CA-2014-167927,689.566
XP-21865,"Xylona Preis",CA-2014-167927,689.566
XP-21865,"Xylona Preis",CA-2014-167927,689.566
XP-21865,"Xylona Preis",CA-2014-167927,689.566
XP-21865,"Xylona Preis",CA-2014-167927,689.566
XP-21865,"Xylona Preis",CA-2014-167927,689.566
XP-21865,"Xylona Preis",CA-2014-167927,689.566
XP-21865,"Xylona Preis",CA-2014-167927,689.566
XP-21865,"Xylona Preis",CA-2014-167927,689.566
TS-21370,"Todd Sumrall",CA-2017-143112,5509.142
TS-21370,"Todd Sumrall",CA-2017-143112,5509.142
TS-21370,"Todd Sumrall",CA-2017-143112,5509.142
TS-21370,"Todd Sumrall",CA-2017-143112,5509.142
TS-21370,"Todd Sumrall",CA-2017-143112,5509.142
CK-12205,"Chloris Kastensmidt",CA-2017-110443,1242.6319999999998
CK-12205,"Chloris Kastensmidt",CA-2017-110443,1242.6319999999998
CK-12205,"Chloris Kastensmidt",CA-2017-110443,1242.6319999999998
CK-12205,"Chloris Kastensmidt",CA-2017-110443,1242.6319999999998
CK-12205,"Chloris Kastensmidt",CA-2017-110443,1242.6319999999998
CK-12205,"Chloris Kastensmidt",CA-2017-110443,1242.6319999999998
CK-12205,"Chloris Kastensmidt",CA-2017-110443,1242.6319999999998
CK-12205,"Chloris Kastensmidt",CA-2017-110443,1242.6319999999998
CK-12205,"Chloris Kastensmidt",CA-2017-110443,1242.6319999999998
CK-12205,"Chloris Kastensmidt",CA-2017-110443,1242.6319999999998
CK-12205,"Chloris Kastensmidt",CA-2017-110443,1242.6319999999998
GM-14455,"Gary Mitchum",CA-2017-151981,1077.47
GM-14455,"Gary Mitchum",CA-2017-151981,1077.47
GM-14455,"Gary Mitchum",CA-2017-151981,1077.47
GM-14455,"Gary Mitchum",CA-2017-151981,1077.47
GM-14455,"Gary Mitchum",CA-2017-151981,1077.47
GM-14455,"Gary Mitchum",CA-2017-151981,1077.47
CC-12370,"Christopher Conant",CA-2016-143714,8539.02
CC-12370,"Christopher Conant",CA-2016-143714,8539.02
CC-12370,"Christopher Conant",CA-2016-143714,8539.02
CC-12370,"Christopher Conant",CA-2016-143714,8539.02
CC-12370,"Christopher Conant",CA-2016-143714,8539.02
SH-20395,"Shahid Hopkins",CA-2014-165764,1395.673
SH-20395,"Shahid Hopkins",CA-2014-165764,1395.673
SH-20395,"Shahid Hopkins",CA-2014-165764,1395.673
SH-20395,"Shahid Hopkins",CA-2014-165764,1395.673
SH-20395,"Shahid Hopkins",CA-2014-165764,1395.673
SH-20395,"Shahid Hopkins",CA-2014-165764,1395.673
SH-20395,"Shahid Hopkins",CA-2014-165764,1395.673
SH-20395,"Shahid Hopkins",CA-2014-165764,1395.673
DB-13270,"Deborah Brumfield",CA-2016-163804,2781.7700000000004
DB-13270,"Deborah Brumfield",CA-2016-163804,2781.7700000000004
DB-13270,"Deborah Brumfield",CA-2016-163804,2781.7700000000004
DB-13270,"Deborah Brumfield",CA-2016-163804,2781.7700000000004
DB-13270,"Deborah Brumfield",CA-2016-163804,2781.7700000000004
DB-13270,"Deborah Brumfield",CA-2016-163804,2781.7700000000004
DB-13270,"Deborah Brumfield",CA-2016-163804,2781.7700000000004
DB-13270,"Deborah Brumfield",CA-2016-163804,2781.7700000000004
NR-18550,"Nick Radford",CA-2017-140872,1111.6979999999999
NR-18550,"Nick Radford",CA-2017-140872,1111.6979999999999
NR-18550,"Nick Radford",CA-2017-140872,1111.6979999999999
NR-18550,"Nick Radford",CA-2017-140872,1111.6979999999999
JW-16075,"Julia West",CA-2015-120621,1270.379
JW-16075,"Julia West",CA-2015-120621,1270.379
JW-16075,"Julia West",CA-2015-120621,1270.379
JW-16075,"Julia West",CA-2015-120621,1270.379
SS-20515,"Shirley Schmidt",CA-2015-103135,525.95
SS-20515,"Shirley Schmidt",CA-2015-103135,525.95
SS-20515,"Shirley Schmidt",CA-2015-103135,525.95
LD-16855,"Lela Donovan",CA-2016-152331,5.304
AR-10540,"Andy Reiter",CA-2017-138289,5802.7
AR-10540,"Andy Reiter",CA-2017-138289,5802.7
AR-10540,"Andy Reiter",CA-2017-138289,5802.7
AR-10540,"Andy Reiter",CA-2017-138289,5802.7
AR-10540,"Andy Reiter",CA-2017-138289,5802.7
AR-10540,"Andy Reiter",CA-2017-138289,5802.7
CA-11965,"Carol Adams",CA-2016-157791,1999.96
CA-11965,"Carol Adams",CA-2016-157791,1999.96
CA-11965,"Carol Adams",CA-2016-157791,1999.96
CA-11965,"Carol Adams",CA-2016-157791,1999.96
CA-11965,"Carol Adams",CA-2016-157791,1999.96
CA-11965,"Carol Adams",CA-2016-157791,1999.96
GT-14710,"Greg Tran",CA-2014-128209,6160.616
GT-14710,"Greg Tran",CA-2014-128209,6160.616
GT-14710,"Greg Tran",CA-2014-128209,6160.616
GT-14710,"Greg Tran",CA-2014-128209,6160.616
GT-14710,"Greg Tran",CA-2014-128209,6160.616
GT-14710,"Greg Tran",CA-2014-128209,6160.616
GT-14710,"Greg Tran",CA-2014-128209,6160.616
GT-14710,"Greg Tran",CA-2014-128209,6160.616
VF-21715,"Vicky Freymann",CA-2014-113880,651.588
VF-21715,"Vicky Freymann",CA-2014-113880,651.588
VF-21715,"Vicky Freymann",CA-2014-113880,651.588
VF-21715,"Vicky Freymann",CA-2014-113880,651.588
EB-13750,"Edward Becker",CA-2015-166947,1522.638
EB-13750,"Edward Becker",CA-2015-166947,1522.638
EB-13750,"Edward Becker",CA-2015-166947,1522.638
EB-13750,"Edward Becker",CA-2015-166947,1522.638
EB-13750,"Edward Becker",CA-2015-166947,1522.638
EB-13750,"Edward Becker",CA-2015-166947,1522.638
EB-13750,"Edward Becker",CA-2015-166947,1522.638
EB-13750,"Edward Becker",CA-2015-166947,1522.638
EB-13750,"Edward Becker",CA-2015-166947,1522.638
CT-11995,"Carol Triggs",CA-2014-166086,1091.35
CT-11995,"Carol Triggs",CA-2014-166086,1091.35
CT-11995,"Carol Triggs",CA-2014-166086,1091.35
CT-11995,"Carol Triggs",CA-2014-166086,1091.35
CT-11995,"Carol Triggs",CA-2014-166086,1091.35
CT-11995,"Carol Triggs",CA-2014-166086,1091.35
CT-11995,"Carol Triggs",CA-2014-166086,1091.35
CT-11995,"Carol Triggs",CA-2014-166086,1091.35
BP-11050,"Barry Pond",CA-2016-160535,883.3199999999999
BP-11050,"Barry Pond",CA-2016-160535,883.3199999999999
BP-11050,"Barry Pond",CA-2016-160535,883.3199999999999
BP-11050,"Barry Pond",CA-2016-160535,883.3199999999999
EJ-13720,"Ed Jacobs",CA-2017-123085,1219.7920000000001
EJ-13720,"Ed Jacobs",CA-2017-123085,1219.7920000000001
EJ-13720,"Ed Jacobs",CA-2017-123085,1219.7920000000001
EJ-13720,"Ed Jacobs",CA-2017-123085,1219.7920000000001
SV-20785,"Stewart Visinsky",CA-2016-148852,1119.1480000000001
SV-20785,"Stewart Visinsky",CA-2016-148852,1119.1480000000001
SV-20785,"Stewart Visinsky",CA-2016-148852,1119.1480000000001
SV-20785,"Stewart Visinsky",CA-2016-148852,1119.1480000000001
SV-20785,"Stewart Visinsky",CA-2016-148852,1119.1480000000001
SV-20785,"Stewart Visinsky",CA-2016-148852,1119.1480000000001
SV-20785,"Stewart Visinsky",CA-2016-148852,1119.1480000000001
SV-20785,"Stewart Visinsky",CA-2016-148852,1119.1480000000001
SV-20785,"Stewart Visinsky",CA-2016-148852,1119.1480000000001
CP-12085,"Cathy Prescott",US-2017-167402,4619.33
CP-12085,"Cathy Prescott",US-2017-167402,4619.33
CP-12085,"Cathy Prescott",US-2017-167402,4619.33
CP-12085,"Cathy Prescott",US-2017-167402,4619.33
CP-12085,"Cathy Prescott",US-2017-167402,4619.33
CP-12085,"Cathy Prescott",US-2017-167402,4619.33
CP-12085,"Cathy Prescott",US-2017-167402,4619.33
TB-21400,"Tom Boeckenhauer",CA-2014-145541,6999.96
TB-21400,"Tom Boeckenhauer",CA-2014-145541,6999.96
TB-21400,"Tom Boeckenhauer",CA-2014-145541,6999.96
TB-21400,"Tom Boeckenhauer",CA-2014-145541,6999.96
TB-21400,"Tom Boeckenhauer",CA-2014-145541,6999.96
TB-21400,"Tom Boeckenhauer",CA-2014-145541,6999.96
SS-20590,"Sonia Sunley",CA-2016-166275,199.99
SS-20590,"Sonia Sunley",CA-2016-166275,199.99
SS-20590,"Sonia Sunley",CA-2016-166275,199.99
SS-20590,"Sonia Sunley",CA-2016-166275,199.99
SS-20590,"Sonia Sunley",CA-2016-166275,199.99
MB-18085,"Mick Brown",CA-2017-144498,817.8290000000001
MB-18085,"Mick Brown",CA-2017-144498,817.8290000000001
MB-18085,"Mick Brown",CA-2017-144498,817.8290000000001
MB-18085,"Mick Brown",CA-2017-144498,817.8290000000001
MB-18085,"Mick Brown",CA-2017-144498,817.8290000000001
MB-18085,"Mick Brown",CA-2017-144498,817.8290000000001
MB-18085,"Mick Brown",CA-2017-144498,817.8290000000001
DB-13405,"Denny Blanton",CA-2015-129322,601.44
DB-13405,"Denny Blanton",CA-2015-129322,601.44
DB-13405,"Denny Blanton",CA-2015-129322,601.44
DB-13405,"Denny Blanton",CA-2015-129322,601.44
DL-13330,"Denise Leinenbach",CA-2015-109337,508.11
DL-13330,"Denise Leinenbach",CA-2015-109337,508.11
DL-13330,"Denise Leinenbach",CA-2015-109337,508.11
DL-13330,"Denise Leinenbach",CA-2015-109337,508.11
BV-11245,"Benjamin Venier",CA-2015-156734,670.001
BV-11245,"Benjamin Venier",CA-2015-156734,670.001
BV-11245,"Benjamin Venier",CA-2015-156734,670.001
BV-11245,"Benjamin Venier",CA-2015-156734,670.001
BV-11245,"Benjamin Venier",CA-2015-156734,670.001
KB-16600,"Ken Brennan",CA-2017-159156,629.95
KB-16600,"Ken Brennan",CA-2017-159156,629.95
KB-16600,"Ken Brennan",CA-2017-159156,629.95
KB-16600,"Ken Brennan",CA-2017-159156,629.95
KB-16600,"Ken Brennan",CA-2017-159156,629.95
KB-16600,"Ken Brennan",CA-2017-159156,629.95
KB-16600,"Ken Brennan",CA-2017-159156,629.95
TC-21145,"Theresa Coyne",CA-2017-124205,1038.26
PT-19090,"Pete Takahito",US-2016-152373,93.456
PT-19090,"Pete Takahito",US-2016-152373,93.456
PT-19090,"Pete Takahito",US-2016-152373,93.456
PT-19090,"Pete Takahito",US-2016-152373,93.456
GH-14425,"Gary Hwang",CA-2014-144414,3290.516
GH-14425,"Gary Hwang",CA-2014-144414,3290.516
GH-14425,"Gary Hwang",CA-2014-144414,3290.516
GH-14425,"Gary Hwang",CA-2014-144414,3290.516
TC-20980,"Tamara Chand",CA-2016-118689,18302.37
TC-20980,"Tamara Chand",CA-2016-118689,18302.37
TC-20980,"Tamara Chand",CA-2016-118689,18302.37
TC-20980,"Tamara Chand",CA-2016-118689,18302.37
TC-20980,"Tamara Chand",CA-2016-118689,18302.37
FC-14335,"Fred Chung",CA-2017-107517,2011.9
FC-14335,"Fred Chung",CA-2017-107517,2011.9
FC-14335,"Fred Chung",CA-2017-107517,2011.9
FC-14335,"Fred Chung",CA-2017-107517,2011.9
FC-14335,"Fred Chung",CA-2017-107517,2011.9
FC-14335,"Fred Chung",CA-2017-107517,2011.9
FC-14335,"Fred Chung",CA-2017-107517,2011.9
JO-15145,"Jack O'Briant",US-2016-100461,1671.93
JO-15145,"Jack O'Briant",US-2016-100461,1671.93
JO-15145,"Jack O'Briant",US-2016-100461,1671.93
JO-15145,"Jack O'Briant",US-2016-100461,1671.93
JO-15145,"Jack O'Briant",US-2016-100461,1671.93
JO-15145,"Jack O'Briant",US-2016-100461,1671.93
JO-15145,"Jack O'Briant",US-2016-100461,1671.93
JO-15145,"Jack O'Briant",US-2016-100461,1671.93
JO-15145,"Jack O'Briant",US-2016-100461,1671.93
MF-18250,"Monica Federle",US-2017-162670,969.9300000000001
MF-18250,"Monica Federle",US-2017-162670,969.9300000000001
MF-18250,"Monica Federle",US-2017-162670,969.9300000000001
MF-18250,"Monica Federle",US-2017-162670,969.9300000000001
MF-18250,"Monica Federle",US-2017-162670,969.9300000000001
SC-20230,"Scot Coram",US-2016-126452,3339.122
SC-20230,"Scot Coram",US-2016-126452,3339.122
SC-20230,"Scot Coram",US-2016-126452,3339.122
SC-20230,"Scot Coram",US-2016-126452,3339.122
MM-17920,"Michael Moore",US-2016-121013,1678
MM-17920,"Michael Moore",US-2016-121013,1678
MM-17920,"Michael Moore",US-2016-121013,1678
MM-17920,"Michael Moore",US-2016-121013,1678
MM-17920,"Michael Moore",US-2016-121013,1678
MM-17920,"Michael Moore",US-2016-121013,1678
MM-17920,"Michael Moore",US-2016-121013,1678
MM-17920,"Michael Moore",US-2016-121013,1678
MM-17920,"Michael Moore",US-2016-121013,1678
MM-17920,"Michael Moore",US-2016-121013,1678
TW-21025,"Tamara Willingham",CA-2015-137113,4096.45
TW-21025,"Tamara Willingham",CA-2015-137113,4096.45
TW-21025,"Tamara Willingham",CA-2015-137113,4096.45
TW-21025,"Tamara Willingham",CA-2015-137113,4096.45
TW-21025,"Tamara Willingham",CA-2015-137113,4096.45
TW-21025,"Tamara Willingham",CA-2015-137113,4096.45
BD-11320,"Bill Donatelli",CA-2015-120677,2567.84
BD-11320,"Bill Donatelli",CA-2015-120677,2567.84
BD-11320,"Bill Donatelli",CA-2015-120677,2567.84
BD-11320,"Bill Donatelli",CA-2015-120677,2567.84
BD-11320,"Bill Donatelli",CA-2015-120677,2567.84
BD-11320,"Bill Donatelli",CA-2015-120677,2567.84
BD-11320,"Bill Donatelli",CA-2015-120677,2567.84
BD-11320,"Bill Donatelli",CA-2015-120677,2567.84
BD-11320,"Bill Donatelli",CA-2015-120677,2567.84
BD-11320,"Bill Donatelli",CA-2015-120677,2567.84
SS-20140,"Saphhira Shifley",CA-2017-164756,963.3500000000001
SS-20140,"Saphhira Shifley",CA-2017-164756,963.3500000000001
SS-20140,"Saphhira Shifley",CA-2017-164756,963.3500000000001
SS-20140,"Saphhira Shifley",CA-2017-164756,963.3500000000001
SS-20140,"Saphhira Shifley",CA-2017-164756,963.3500000000001
SS-20140,"Saphhira Shifley",CA-2017-164756,963.3500000000001
SS-20140,"Saphhira Shifley",CA-2017-164756,963.3500000000001
SS-20140,"Saphhira Shifley",CA-2017-164756,963.3500000000001
VS-21820,"Vivek Sundaresam",US-2015-165512,610.3069999999999
VS-21820,"Vivek Sundaresam",US-2015-165512,610.3069999999999
VS-21820,"Vivek Sundaresam",US-2015-165512,610.3069999999999
VS-21820,"Vivek Sundaresam",US-2015-165512,610.3069999999999
HR-14830,"Harold Ryan",US-2017-135013,2399.96
HR-14830,"Harold Ryan",US-2017-135013,2399.96
HR-14830,"Harold Ryan",US-2017-135013,2399.96
HR-14830,"Harold Ryan",US-2017-135013,2399.96
HR-14830,"Harold Ryan",US-2017-135013,2399.96
HR-14830,"Harold Ryan",US-2017-135013,2399.96
SH-20635,"Stefanie Holloman",CA-2014-124247,1403.92
SH-20635,"Stefanie Holloman",CA-2014-124247,1403.92
MS-17710,"Maurice Satty",CA-2015-134257,498.93
MS-17710,"Maurice Satty",CA-2015-134257,498.93
MS-17710,"Maurice Satty",CA-2015-134257,498.93
MS-17710,"Maurice Satty",CA-2015-134257,498.93
MS-17710,"Maurice Satty",CA-2015-134257,498.93
MS-17710,"Maurice Satty",CA-2015-134257,498.93
RD-19900,"Ruben Dartt",CA-2016-140382,997.9340000000001
RD-19900,"Ruben Dartt",CA-2016-140382,997.9340000000001
RD-19900,"Ruben Dartt",CA-2016-140382,997.9340000000001
RD-19900,"Ruben Dartt",CA-2016-140382,997.9340000000001
RD-19900,"Ruben Dartt",CA-2016-140382,997.9340000000001
RD-19900,"Ruben Dartt",CA-2016-140382,997.9340000000001
RD-19900,"Ruben Dartt",CA-2016-140382,997.9340000000001
RD-19900,"Ruben Dartt",CA-2016-140382,997.9340000000001
RD-19900,"Ruben Dartt",CA-2016-140382,997.9340000000001
RD-19930,"Russell D'Ascenzo",CA-2015-139248,623.96
RD-19930,"Russell D'Ascenzo",CA-2015-139248,623.96
RD-19930,"Russell D'Ascenzo",CA-2015-139248,623.96
RD-19930,"Russell D'Ascenzo",CA-2015-139248,623.96
HM-14980,"Henry MacAllister",CA-2015-129917,569.336
HM-14980,"Henry MacAllister",CA-2015-129917,569.336
HM-14980,"Henry MacAllister",CA-2015-129917,569.336
HM-14980,"Henry MacAllister",CA-2015-129917,569.336
AR-10570,"Anemone Ratner",CA-2016-157588,88.15
KN-16390,"Katherine Nockton",CA-2015-154823,637.27
KN-16390,"Katherine Nockton",CA-2015-154823,637.27
KN-16390,"Katherine Nockton",CA-2015-154823,637.27
KN-16390,"Katherine Nockton",CA-2015-154823,637.27
KN-16390,"Katherine Nockton",CA-2015-154823,637.27
KN-16390,"Katherine Nockton",CA-2015-154823,637.27
KN-16390,"Katherine Nockton",CA-2015-154823,637.27
KN-16390,"Katherine Nockton",CA-2015-154823,637.27
KN-16390,"Katherine Nockton",CA-2015-154823,637.27
CS-11860,"Cari Schnelling",CA-2014-124618,479.984
CS-11860,"Cari Schnelling",CA-2014-124618,479.984
CS-11860,"Cari Schnelling",CA-2014-124618,479.984
CS-11860,"Cari Schnelling",CA-2014-124618,479.984
CS-11860,"Cari Schnelling",CA-2014-124618,479.984
WB-21850,"William Brown",CA-2016-165330,1906.944
WB-21850,"William Brown",CA-2016-165330,1906.944
WB-21850,"William Brown",CA-2016-165330,1906.944
WB-21850,"William Brown",CA-2016-165330,1906.944
WB-21850,"William Brown",CA-2016-165330,1906.944
WB-21850,"William Brown",CA-2016-165330,1906.944
WB-21850,"William Brown",CA-2016-165330,1906.944
WB-21850,"William Brown",CA-2016-165330,1906.944
WB-21850,"William Brown",CA-2016-165330,1906.944
RS-19765,"Roland Schwarz",CA-2014-106726,1261.33
RS-19765,"Roland Schwarz",CA-2014-106726,1261.33
RS-19765,"Roland Schwarz",CA-2014-106726,1261.33
RS-19765,"Roland Schwarz",CA-2014-106726,1261.33
RS-19765,"Roland Schwarz",CA-2014-106726,1261.33
RS-19765,"Roland Schwarz",CA-2014-106726,1261.33
RS-19765,"Roland Schwarz",CA-2014-106726,1261.33
AR-10825,"Anthony Rawles",CA-2017-118724,1629.712
AR-10825,"Anthony Rawles",CA-2017-118724,1629.712
AR-10825,"Anthony Rawles",CA-2017-118724,1629.712
AR-10825,"Anthony Rawles",CA-2017-118724,1629.712
AR-10825,"Anthony Rawles",CA-2017-118724,1629.712
AR-10825,"Anthony Rawles",CA-2017-118724,1629.712
AR-10825,"Anthony Rawles",CA-2017-118724,1629.712
AR-10825,"Anthony Rawles",CA-2017-118724,1629.712
CD-11980,"Carol Darley",CA-2017-144596,318.96
CD-11980,"Carol Darley",CA-2017-144596,318.96
SG-20890,"Susan Gilcrest",CA-2016-144337,19.648
SG-20890,"Susan Gilcrest",CA-2016-144337,19.648
SG-20890,"Susan Gilcrest",CA-2016-144337,19.648
KH-16330,"Katharine Harms",CA-2017-128944,921.228
KH-16330,"Katharine Harms",CA-2017-128944,921.228
KH-16330,"Katharine Harms",CA-2017-128944,921.228
KH-16330,"Katharine Harms",CA-2017-128944,921.228
KH-16330,"Katharine Harms",CA-2017-128944,921.228
KH-16330,"Katharine Harms",CA-2017-128944,921.228
KH-16330,"Katharine Harms",CA-2017-128944,921.228
LW-16990,"Lindsay Williams",US-2016-102239,1691.6080000000002
LW-16990,"Lindsay Williams",US-2016-102239,1691.6080000000002
LW-16990,"Lindsay Williams",US-2016-102239,1691.6080000000002
TT-21460,"Tonja Turnell",CA-2017-141439,3083.94
TT-21460,"Tonja Turnell",CA-2017-141439,3083.94
TT-21460,"Tonja Turnell",CA-2017-141439,3083.94
TT-21460,"Tonja Turnell",CA-2017-141439,3083.94
TT-21460,"Tonja Turnell",CA-2017-141439,3083.94
TT-21460,"Tonja Turnell",CA-2017-141439,3083.94
TT-21460,"Tonja Turnell",CA-2017-141439,3083.94
MH-17290,"Marc Harrigan",US-2017-141558,974.894
MH-17290,"Marc Harrigan",US-2017-141558,974.894
MH-17290,"Marc Harrigan",US-2017-141558,974.894
MH-17290,"Marc Harrigan",US-2017-141558,974.894
HK-14890,"Heather Kirkland",US-2017-141677,2737.672
HK-14890,"Heather Kirkland",US-2017-141677,2737.672
HK-14890,"Heather Kirkland",US-2017-141677,2737.672
HK-14890,"Heather Kirkland",US-2017-141677,2737.672
HK-14890,"Heather Kirkland",US-2017-141677,2737.672
HK-14890,"Heather Kirkland",US-2017-141677,2737.672
HK-14890,"Heather Kirkland",US-2017-141677,2737.672
HK-14890,"Heather Kirkland",US-2017-141677,2737.672
VB-21745,"Victoria Brennan",CA-2016-120369,756.8
VB-21745,"Victoria Brennan",CA-2016-120369,756.8
VB-21745,"Victoria Brennan",CA-2016-120369,756.8
VB-21745,"Victoria Brennan",CA-2016-120369,756.8
VB-21745,"Victoria Brennan",CA-2016-120369,756.8
VB-21745,"Victoria Brennan",CA-2016-120369,756.8
ES-14080,"Erin Smith",CA-2017-127397,1443.72
ES-14080,"Erin Smith",CA-2017-127397,1443.72
ES-14080,"Erin Smith",CA-2017-127397,1443.72
ES-14080,"Erin Smith",CA-2017-127397,1443.72
ES-14080,"Erin Smith",CA-2017-127397,1443.72
ES-14080,"Erin Smith",CA-2017-127397,1443.72
ES-14080,"Erin Smith",CA-2017-127397,1443.72
ES-14080,"Erin Smith",CA-2017-127397,1443.72
TP-21415,"Tom Prescott",CA-2017-118892,4416.174
TP-21415,"Tom Prescott",CA-2017-118892,4416.174
TP-21415,"Tom Prescott",CA-2017-118892,4416.174
TP-21415,"Tom Prescott",CA-2017-118892,4416.174
TP-21415,"Tom Prescott",CA-2017-118892,4416.174
BP-11155,"Becky Pak",CA-2015-158491,1109.95
BP-11155,"Becky Pak",CA-2015-158491,1109.95
BP-11155,"Becky Pak",CA-2015-158491,1109.95
BP-11155,"Becky Pak",CA-2015-158491,1109.95
BP-11155,"Becky Pak",CA-2015-158491,1109.95
TC-21535,"Tracy Collins",CA-2016-157217,425.954
TC-21535,"Tracy Collins",CA-2016-157217,425.954
TC-21535,"Tracy Collins",CA-2016-157217,425.954
TC-21535,"Tracy Collins",CA-2016-157217,425.954
TC-21535,"Tracy Collins",CA-2016-157217,425.954
PW-19240,"Pierre Wener",CA-2015-162782,2541.98
PW-19240,"Pierre Wener",CA-2015-162782,2541.98
PW-19240,"Pierre Wener",CA-2015-162782,2541.98
PW-19240,"Pierre Wener",CA-2015-162782,2541.98
PW-19240,"Pierre Wener",CA-2015-162782,2541.98
PW-19240,"Pierre Wener",CA-2015-162782,2541.98
PW-19240,"Pierre Wener",CA-2015-162782,2541.98
MN-17935,"Michael Nguyen",CA-2017-100097,1115.25
MN-17935,"Michael Nguyen",CA-2017-100097,1115.25
MN-17935,"Michael Nguyen",CA-2017-100097,1115.25
MN-17935,"Michael Nguyen",CA-2017-100097,1115.25
MN-17935,"Michael Nguyen",CA-2017-100097,1115.25
MN-17935,"Michael Nguyen",CA-2017-100097,1115.25
SC-20050,"Sample Company A",US-2014-131275,3247.1580000000004
SC-20050,"Sample Company A",US-2014-131275,3247.1580000000004
SC-20050,"Sample Company A",US-2014-131275,3247.1580000000004
SC-20050,"Sample Company A",US-2014-131275,3247.1580000000004
SC-20050,"Sample Company A",US-2014-131275,3247.1580000000004
SC-20050,"Sample Company A",US-2014-131275,3247.1580000000004
SC-20050,"Sample Company A",US-2014-131275,3247.1580000000004
SC-20050,"Sample Company A",US-2014-131275,3247.1580000000004
SC-20050,"Sample Company A",US-2014-131275,3247.1580000000004
JK-15625,"Jim Karlsson",CA-2015-113152,1293.4679999999998
JK-15625,"Jim Karlsson",CA-2015-113152,1293.4679999999998
JK-15625,"Jim Karlsson",CA-2015-113152,1293.4679999999998
JK-15625,"Jim Karlsson",CA-2015-113152,1293.4679999999998
JK-15625,"Jim Karlsson",CA-2015-113152,1293.4679999999998
JK-15625,"Jim Karlsson",CA-2015-113152,1293.4679999999998
DV-13045,"Darrin Van Huff",CA-2017-168389,873.8109999999999
DV-13045,"Darrin Van Huff",CA-2017-168389,873.8109999999999
DV-13045,"Darrin Van Huff",CA-2017-168389,873.8109999999999
DV-13045,"Darrin Van Huff",CA-2017-168389,873.8109999999999
DV-13045,"Darrin Van Huff",CA-2017-168389,873.8109999999999
AR-10345,"Alex Russell",US-2014-115189,775.7280000000001
AR-10345,"Alex Russell",US-2014-115189,775.7280000000001
AR-10345,"Alex Russell",US-2014-115189,775.7280000000001
AR-10345,"Alex Russell",US-2014-115189,775.7280000000001
DS-13180,"David Smith",CA-2016-127243,740.088
DS-13180,"David Smith",CA-2016-127243,740.088
DS-13180,"David Smith",CA-2016-127243,740.088
DS-13180,"David Smith",CA-2016-127243,740.088
DS-13180,"David Smith",CA-2016-127243,740.088
DS-13180,"David Smith",CA-2016-127243,740.088
DS-13180,"David Smith",CA-2016-127243,740.088
DS-13180,"David Smith",CA-2016-127243,740.088
DS-13180,"David Smith",CA-2016-127243,740.088
AG-10270,"Alejandro Grove",CA-2016-105732,2357.0899999999997
AG-10270,"Alejandro Grove",CA-2016-105732,2357.0899999999997
AG-10270,"Alejandro Grove",CA-2016-105732,2357.0899999999997
AG-10270,"Alejandro Grove",CA-2016-105732,2357.0899999999997
AG-10270,"Alejandro Grove",CA-2016-105732,2357.0899999999997
DD-13570,"Dorothy Dickinson",CA-2017-147844,109.62
DD-13570,"Dorothy Dickinson",CA-2017-147844,109.62
DD-13570,"Dorothy Dickinson",CA-2017-147844,109.62
DD-13570,"Dorothy Dickinson",CA-2017-147844,109.62
DD-13570,"Dorothy Dickinson",CA-2017-147844,109.62
DD-13570,"Dorothy Dickinson",CA-2017-147844,109.62
DB-12970,"Darren Budd",CA-2016-110975,1179.822
DB-12970,"Darren Budd",CA-2016-110975,1179.822
DB-12970,"Darren Budd",CA-2016-110975,1179.822
DM-12955,"Dario Medina",CA-2014-141649,795.408
DM-12955,"Dario Medina",CA-2014-141649,795.408
DM-12955,"Dario Medina",CA-2014-141649,795.408
DM-12955,"Dario Medina",CA-2014-141649,795.408
DM-12955,"Dario Medina",CA-2014-141649,795.408
DM-12955,"Dario Medina",CA-2014-141649,795.408
DM-12955,"Dario Medina",CA-2014-141649,795.408
SC-20770,"Stewart Carmichael",US-2016-114013,2550.587
SC-20770,"Stewart Carmichael",US-2016-114013,2550.587
SC-20770,"Stewart Carmichael",US-2016-114013,2550.587
SC-20770,"Stewart Carmichael",US-2016-114013,2550.587
SC-20770,"Stewart Carmichael",US-2016-114013,2550.587
SC-20770,"Stewart Carmichael",US-2016-114013,2550.587
RD-19810,"Ross DeVincentis",CA-2017-127474,512.3679999999999
RD-19810,"Ross DeVincentis",CA-2017-127474,512.3679999999999
RD-19810,"Ross DeVincentis",CA-2017-127474,512.3679999999999
RD-19810,"Ross DeVincentis",CA-2017-127474,512.3679999999999
RD-19810,"Ross DeVincentis",CA-2017-127474,512.3679999999999
RD-19810,"Ross DeVincentis",CA-2017-127474,512.3679999999999
RD-19810,"Ross DeVincentis",CA-2017-127474,512.3679999999999
RD-19810,"Ross DeVincentis",CA-2017-127474,512.3679999999999
SJ-20125,"Sanjit Jacobs",CA-2017-105669,1749.902
SJ-20125,"Sanjit Jacobs",CA-2017-105669,1749.902
SJ-20125,"Sanjit Jacobs",CA-2017-105669,1749.902
SJ-20125,"Sanjit Jacobs",CA-2017-105669,1749.902
SJ-20125,"Sanjit Jacobs",CA-2017-105669,1749.902
SJ-20125,"Sanjit Jacobs",CA-2017-105669,1749.902
SJ-20125,"Sanjit Jacobs",CA-2017-105669,1749.902
SJ-20125,"Sanjit Jacobs",CA-2017-105669,1749.902
SJ-20125,"Sanjit Jacobs",CA-2017-105669,1749.902
SJ-20125,"Sanjit Jacobs",CA-2017-105669,1749.902
SJ-20125,"Sanjit Jacobs",CA-2017-105669,1749.902
LL-16840,"Lauren Leatherbury",CA-2015-137974,2298.8999999999996
LL-16840,"Lauren Leatherbury",CA-2015-137974,2298.8999999999996
LL-16840,"Lauren Leatherbury",CA-2015-137974,2298.8999999999996
LL-16840,"Lauren Leatherbury",CA-2015-137974,2298.8999999999996
LL-16840,"Lauren Leatherbury",CA-2015-137974,2298.8999999999996
LL-16840,"Lauren Leatherbury",CA-2015-137974,2298.8999999999996
EM-14140,"Eugene Moren",CA-2016-139997,1499.95
EM-14140,"Eugene Moren",CA-2016-139997,1499.95
EM-14140,"Eugene Moren",CA-2016-139997,1499.95
EM-14140,"Eugene Moren",CA-2016-139997,1499.95
EM-14140,"Eugene Moren",CA-2016-139997,1499.95
ME-17320,"Maria Etezadi",CA-2014-167199,4374.88
ME-17320,"Maria Etezadi",CA-2014-167199,4374.88
ME-17320,"Maria Etezadi",CA-2014-167199,4374.88
ME-17320,"Maria Etezadi",CA-2014-167199,4374.88
ME-17320,"Maria Etezadi",CA-2014-167199,4374.88
ME-17320,"Maria Etezadi",CA-2014-167199,4374.88
ME-17320,"Maria Etezadi",CA-2014-167199,4374.88
ME-17320,"Maria Etezadi",CA-2014-167199,4374.88
ME-17320,"Maria Etezadi",CA-2014-167199,4374.88
PM-19135,"Peter McVee",US-2015-134558,3332.974
PM-19135,"Peter McVee",US-2015-134558,3332.974
PM-19135,"Peter McVee",US-2015-134558,3332.974
PM-19135,"Peter McVee",US-2015-134558,3332.974
SW-20245,"Scot Wooten",US-2017-134642,428.70399999999995
SW-20245,"Scot Wooten",US-2017-134642,428.70399999999995
SW-20245,"Scot Wooten",US-2017-134642,428.70399999999995
SW-20245,"Scot Wooten",US-2017-134642,428.70399999999995
SW-20245,"Scot Wooten",US-2017-134642,428.70399999999995
SW-20245,"Scot Wooten",US-2017-134642,428.70399999999995
BS-11380,"Bill Stewart",US-2017-112347,1406.92
BS-11380,"Bill Stewart",US-2017-112347,1406.92
BS-11380,"Bill Stewart",US-2017-112347,1406.92
BS-11380,"Bill Stewart",US-2017-112347,1406.92
BS-11380,"Bill Stewart",US-2017-112347,1406.92
CM-12715,"Craig Molinari",CA-2014-103492,1488.774
CM-12715,"Craig Molinari",CA-2014-103492,1488.774
CM-12715,"Craig Molinari",CA-2014-103492,1488.774
CM-12715,"Craig Molinari",CA-2014-103492,1488.774
AF-10885,"Art Foster",CA-2014-114181,372.28499999999997
AF-10885,"Art Foster",CA-2014-114181,372.28499999999997
AF-10885,"Art Foster",CA-2014-114181,372.28499999999997
AF-10885,"Art Foster",CA-2014-114181,372.28499999999997
PN-18775,"Parhena Norris",CA-2016-138597,563.94
PN-18775,"Parhena Norris",CA-2016-138597,563.94
PN-18775,"Parhena Norris",CA-2016-138597,563.94
PN-18775,"Parhena Norris",CA-2016-138597,563.94
PN-18775,"Parhena Norris",CA-2016-138597,563.94
PN-18775,"Parhena Norris",CA-2016-138597,563.94
PN-18775,"Parhena Norris",CA-2016-138597,563.94
AT-10735,"Annie Thurman",CA-2015-123113,2643.06
AT-10735,"Annie Thurman",CA-2015-123113,2643.06
AT-10735,"Annie Thurman",CA-2015-123113,2643.06
AT-10735,"Annie Thurman",CA-2015-123113,2643.06
AT-10735,"Annie Thurman",CA-2015-123113,2643.06
AT-10735,"Annie Thurman",CA-2015-123113,2643.06
AT-10735,"Annie Thurman",CA-2015-123113,2643.06
AT-10735,"Annie Thurman",CA-2015-123113,2643.06
AT-10735,"Annie Thurman",CA-2015-123113,2643.06
KH-16690,"Kristen Hastings",CA-2014-163223,3646.62
KH-16690,"Kristen Hastings",CA-2014-163223,3646.62
KH-16690,"Kristen Hastings",CA-2014-163223,3646.62
KH-16690,"Kristen Hastings",CA-2014-163223,3646.62
KH-16690,"Kristen Hastings",CA-2014-163223,3646.62
KH-16690,"Kristen Hastings",CA-2014-163223,3646.62
DB-13210,"Dean Braden",CA-2016-158778,966.3889999999999
DB-13210,"Dean Braden",CA-2016-158778,966.3889999999999
DB-13210,"Dean Braden",CA-2016-158778,966.3889999999999
DB-13210,"Dean Braden",CA-2016-158778,966.3889999999999
DB-13210,"Dean Braden",CA-2016-158778,966.3889999999999
DB-13210,"Dean Braden",CA-2016-158778,966.3889999999999
DB-13210,"Dean Braden",CA-2016-158778,966.3889999999999
DB-13210,"Dean Braden",CA-2016-158778,966.3889999999999
RB-19435,"Richard Bierner",US-2014-144078,1272.7040000000002
RB-19435,"Richard Bierner",US-2014-144078,1272.7040000000002
RB-19435,"Richard Bierner",US-2014-144078,1272.7040000000002
RB-19435,"Richard Bierner",US-2014-144078,1272.7040000000002
RB-19435,"Richard Bierner",US-2014-144078,1272.7040000000002
RB-19435,"Richard Bierner",US-2014-144078,1272.7040000000002
RB-19435,"Richard Bierner",US-2014-144078,1272.7040000000002
RB-19435,"Richard Bierner",US-2014-144078,1272.7040000000002
KH-16360,"Katherine Hughes",US-2017-158526,1814.6799999999998
KH-16360,"Katherine Hughes",US-2017-158526,1814.6799999999998
KH-16360,"Katherine Hughes",US-2017-158526,1814.6799999999998
KH-16360,"Katherine Hughes",US-2017-158526,1814.6799999999998
KH-16360,"Katherine Hughes",US-2017-158526,1814.6799999999998
KH-16360,"Katherine Hughes",US-2017-158526,1814.6799999999998
DL-12925,"Daniel Lacy",US-2014-115196,1299.99
DL-12925,"Daniel Lacy",US-2014-115196,1299.99
DL-12925,"Daniel Lacy",US-2014-115196,1299.99
DL-12925,"Daniel Lacy",US-2014-115196,1299.99
DL-12925,"Daniel Lacy",US-2014-115196,1299.99
DL-12925,"Daniel Lacy",US-2014-115196,1299.99
DB-13120,"David Bremer",CA-2015-101889,1568.862
DB-13120,"David Bremer",CA-2015-101889,1568.862
DB-13120,"David Bremer",CA-2015-101889,1568.862
DB-13120,"David Bremer",CA-2015-101889,1568.862
DB-13120,"David Bremer",CA-2015-101889,1568.862
DB-13120,"David Bremer",CA-2015-101889,1568.862
DB-13120,"David Bremer",CA-2015-101889,1568.862
DR-12940,"Daniel Raglin",US-2016-140158,5549.41
DR-12940,"Daniel Raglin",US-2016-140158,5549.41
DR-12940,"Daniel Raglin",US-2016-140158,5549.41
DR-12940,"Daniel Raglin",US-2016-140158,5549.41
DR-12940,"Daniel Raglin",US-2016-140158,5549.41
DR-12940,"Daniel Raglin",US-2016-140158,5549.41
DR-12940,"Daniel Raglin",US-2016-140158,5549.41
DR-12940,"Daniel Raglin",US-2016-140158,5549.41
MA-17560,"Matt Abelman",CA-2015-130974,1170.9180000000001
MA-17560,"Matt Abelman",CA-2015-130974,1170.9180000000001
MA-17560,"Matt Abelman",CA-2015-130974,1170.9180000000001
MA-17560,"Matt Abelman",CA-2015-130974,1170.9180000000001
MA-17560,"Matt Abelman",CA-2015-130974,1170.9180000000001
MA-17560,"Matt Abelman",CA-2015-130974,1170.9180000000001
MA-17560,"Matt Abelman",CA-2015-130974,1170.9180000000001
MA-17560,"Matt Abelman",CA-2015-130974,1170.9180000000001
MA-17560,"Matt Abelman",CA-2015-130974,1170.9180000000001
KM-16375,"Katherine Murray",CA-2014-133592,2846.22
KM-16375,"Katherine Murray",CA-2014-133592,2846.22
KM-16375,"Katherine Murray",CA-2014-133592,2846.22
KM-16375,"Katherine Murray",CA-2014-133592,2846.22
KM-16375,"Katherine Murray",CA-2014-133592,2846.22
KM-16375,"Katherine Murray",CA-2014-133592,2846.22
KM-16375,"Katherine Murray",CA-2014-133592,2846.22
SD-20485,"Shirley Daniels",CA-2015-120782,3999.7019999999998
SD-20485,"Shirley Daniels",CA-2015-120782,3999.7019999999998
SD-20485,"Shirley Daniels",CA-2015-120782,3999.7019999999998
SD-20485,"Shirley Daniels",CA-2015-120782,3999.7019999999998
SD-20485,"Shirley Daniels",CA-2015-120782,3999.7019999999998
SD-20485,"Shirley Daniels",CA-2015-120782,3999.7019999999998
SD-20485,"Shirley Daniels",CA-2015-120782,3999.7019999999998
SD-20485,"Shirley Daniels",CA-2015-120782,3999.7019999999998
SD-20485,"Shirley Daniels",CA-2015-120782,3999.7019999999998
BF-11170,"Ben Ferrer",CA-2017-151799,1843.402
BF-11170,"Ben Ferrer",CA-2017-151799,1843.402
BF-11170,"Ben Ferrer",CA-2017-151799,1843.402
BF-11170,"Ben Ferrer",CA-2017-151799,1843.402
BF-11170,"Ben Ferrer",CA-2017-151799,1843.402
BF-11170,"Ben Ferrer",CA-2017-151799,1843.402
BF-11170,"Ben Ferrer",CA-2017-151799,1843.402
BF-11170,"Ben Ferrer",CA-2017-151799,1843.402
BF-11170,"Ben Ferrer",CA-2017-151799,1843.402
BF-11170,"Ben Ferrer",CA-2017-151799,1843.402
AA-10480,"Andrew Allen",CA-2016-114601,1157.9800000000002
AA-10480,"Andrew Allen",CA-2016-114601,1157.9800000000002
AA-10480,"Andrew Allen",CA-2016-114601,1157.9800000000002
AA-10480,"Andrew Allen",CA-2016-114601,1157.9800000000002
CK-12595,"Clytie Kelty",CA-2017-100902,699.4000000000001
CK-12595,"Clytie Kelty",CA-2017-100902,699.4000000000001
CK-12595,"Clytie Kelty",CA-2017-100902,699.4000000000001
CK-12595,"Clytie Kelty",CA-2017-100902,699.4000000000001
CK-12595,"Clytie Kelty",CA-2017-100902,699.4000000000001
CK-12595,"Clytie Kelty",CA-2017-100902,699.4000000000001
CK-12595,"Clytie Kelty",CA-2017-100902,699.4000000000001
CK-12595,"Clytie Kelty",CA-2017-100902,699.4000000000001
CK-12595,"Clytie Kelty",CA-2017-100902,699.4000000000001
CK-12595,"Clytie Kelty",CA-2017-100902,699.4000000000001
BB-11545,"Brenda Bowman",US-2017-118941,2017.3200000000002
BB-11545,"Brenda Bowman",US-2017-118941,2017.3200000000002
BB-11545,"Brenda Bowman",US-2017-118941,2017.3200000000002
BB-11545,"Brenda Bowman",US-2017-118941,2017.3200000000002
BB-11545,"Brenda Bowman",US-2017-118941,2017.3200000000002
BB-11545,"Brenda Bowman",US-2017-118941,2017.3200000000002
BB-11545,"Brenda Bowman",US-2017-118941,2017.3200000000002
BB-11545,"Brenda Bowman",US-2017-118941,2017.3200000000002
BB-11545,"Brenda Bowman",US-2017-118941,2017.3200000000002
LB-16735,"Larry Blacks",CA-2017-154088,26.72
LB-16735,"Larry Blacks",CA-2017-154088,26.72
LB-16735,"Larry Blacks",CA-2017-154088,26.72
CS-12505,"Cindy Stewart",CA-2016-108196,5016.548999999999
CS-12505,"Cindy Stewart",CA-2016-108196,5016.548999999999
CS-12505,"Cindy Stewart",CA-2016-108196,5016.548999999999
CS-12505,"Cindy Stewart",CA-2016-108196,5016.548999999999
CS-12505,"Cindy Stewart",CA-2016-108196,5016.548999999999
CS-12505,"Cindy Stewart",CA-2016-108196,5016.548999999999
ER-13855,"Elpida Rittenbach",CA-2016-162236,1106.924
ER-13855,"Elpida Rittenbach",CA-2016-162236,1106.924
ER-13855,"Elpida Rittenbach",CA-2016-162236,1106.924
MG-17680,"Maureen Gastineau",US-2017-109316,1515.186
MG-17680,"Maureen Gastineau",US-2017-109316,1515.186
MG-17680,"Maureen Gastineau",US-2017-109316,1515.186
MG-17680,"Maureen Gastineau",US-2017-109316,1515.186
DP-13390,"Dennis Pardue",CA-2016-138478,4685.076
DP-13390,"Dennis Pardue",CA-2016-138478,4685.076
DP-13390,"Dennis Pardue",CA-2016-138478,4685.076
DP-13390,"Dennis Pardue",CA-2016-138478,4685.076
DP-13390,"Dennis Pardue",CA-2016-138478,4685.076
DP-13390,"Dennis Pardue",CA-2016-138478,4685.076
DP-13390,"Dennis Pardue",CA-2016-138478,4685.076
DP-13390,"Dennis Pardue",CA-2016-138478,4685.076
DP-13390,"Dennis Pardue",CA-2016-138478,4685.076
CW-11905,"Carl Weiss",CA-2017-152436,592.74
CW-11905,"Carl Weiss",CA-2017-152436,592.74
CW-11905,"Carl Weiss",CA-2017-152436,592.74
CW-11905,"Carl Weiss",CA-2017-152436,592.74
CW-11905,"Carl Weiss",CA-2017-152436,592.74
CW-11905,"Carl Weiss",CA-2017-152436,592.74
CV-12295,"Christina VanderZanden",US-2014-137869,1190.84
CV-12295,"Christina VanderZanden",US-2014-137869,1190.84
CV-12295,"Christina VanderZanden",US-2014-137869,1190.84
CV-12295,"Christina VanderZanden",US-2014-137869,1190.84
CV-12295,"Christina VanderZanden",US-2014-137869,1190.84
AG-10390,"Allen Goldenen",CA-2014-158470,129.32999999999998
AG-10390,"Allen Goldenen",CA-2014-158470,129.32999999999998
AG-10390,"Allen Goldenen",CA-2014-158470,129.32999999999998
AG-10390,"Allen Goldenen",CA-2014-158470,129.32999999999998
AG-10390,"Allen Goldenen",CA-2014-158470,129.32999999999998
JK-15205,"Jamie Kunitz",CA-2015-125976,2026.7800000000002
JK-15205,"Jamie Kunitz",CA-2015-125976,2026.7800000000002
JK-15205,"Jamie Kunitz",CA-2015-125976,2026.7800000000002
JK-15205,"Jamie Kunitz",CA-2015-125976,2026.7800000000002
JK-15205,"Jamie Kunitz",CA-2015-125976,2026.7800000000002
LW-16825,"Laurel Workman",CA-2014-103429,765.494
LW-16825,"Laurel Workman",CA-2014-103429,765.494
LW-16825,"Laurel Workman",CA-2014-103429,765.494
LW-16825,"Laurel Workman",CA-2014-103429,765.494
LW-16825,"Laurel Workman",CA-2014-103429,765.494
DB-12910,"Daniel Byrd",CA-2016-101672,1027.676
DB-12910,"Daniel Byrd",CA-2016-101672,1027.676
DB-12910,"Daniel Byrd",CA-2016-101672,1027.676
DB-12910,"Daniel Byrd",CA-2016-101672,1027.676
DB-12910,"Daniel Byrd",CA-2016-101672,1027.676
DB-12910,"Daniel Byrd",CA-2016-101672,1027.676
DB-12910,"Daniel Byrd",CA-2016-101672,1027.676
DC-12850,"Dan Campbell",CA-2017-128363,2382.926
DC-12850,"Dan Campbell",CA-2017-128363,2382.926
DC-12850,"Dan Campbell",CA-2017-128363,2382.926
DC-12850,"Dan Campbell",CA-2017-128363,2382.926
DC-12850,"Dan Campbell",CA-2017-128363,2382.926
DC-12850,"Dan Campbell",CA-2017-128363,2382.926
DC-12850,"Dan Campbell",CA-2017-128363,2382.926
DC-12850,"Dan Campbell",CA-2017-128363,2382.926
DC-12850,"Dan Campbell",CA-2017-128363,2382.926
RD-19720,"Roger Demir",CA-2016-149762,545.01
RD-19720,"Roger Demir",CA-2016-149762,545.01
RD-19720,"Roger Demir",CA-2016-149762,545.01
RD-19720,"Roger Demir",CA-2016-149762,545.01
RD-19720,"Roger Demir",CA-2016-149762,545.01
RD-19720,"Roger Demir",CA-2016-149762,545.01
RD-19720,"Roger Demir",CA-2016-149762,545.01
RD-19720,"Roger Demir",CA-2016-149762,545.01
RD-19720,"Roger Demir",CA-2016-149762,545.01
RD-19720,"Roger Demir",CA-2016-149762,545.01
SR-20740,"Steven Roelle",CA-2017-165323,3505.84
SR-20740,"Steven Roelle",CA-2017-165323,3505.84
SR-20740,"Steven Roelle",CA-2017-165323,3505.84
SR-20740,"Steven Roelle",CA-2017-165323,3505.84
SR-20740,"Steven Roelle",CA-2017-165323,3505.84
SR-20740,"Steven Roelle",CA-2017-165323,3505.84
PO-19195,"Phillina Ober",CA-2015-110891,344.372
PO-19195,"Phillina Ober",CA-2015-110891,344.372
PO-19195,"Phillina Ober",CA-2015-110891,344.372
PO-19195,"Phillina Ober",CA-2015-110891,344.372
PO-19195,"Phillina Ober",CA-2015-110891,344.372
EM-14200,"Evan Minnotte",CA-2017-167549,298.116
EM-14200,"Evan Minnotte",CA-2017-167549,298.116
EM-14200,"Evan Minnotte",CA-2017-167549,298.116
RW-19540,"Rick Wilson",CA-2017-166093,3397.732
RW-19540,"Rick Wilson",CA-2017-166093,3397.732
RW-19540,"Rick Wilson",CA-2017-166093,3397.732
RW-19540,"Rick Wilson",CA-2017-166093,3397.732
RW-19540,"Rick Wilson",CA-2017-166093,3397.732
KD-16345,"Katherine Ducich",CA-2015-145814,867.744
KD-16345,"Katherine Ducich",CA-2015-145814,867.744
KD-16345,"Katherine Ducich",CA-2015-145814,867.744
KD-16345,"Katherine Ducich",CA-2015-145814,867.744
KD-16345,"Katherine Ducich",CA-2015-145814,867.744
JS-15685,"Jim Sink",CA-2017-104864,552.856
JS-15685,"Jim Sink",CA-2017-104864,552.856
JS-15685,"Jim Sink",CA-2017-104864,552.856
JS-15685,"Jim Sink",CA-2017-104864,552.856
SF-20065,"Sandra Flanagan",CA-2014-113383,336.82
SF-20065,"Sandra Flanagan",CA-2014-113383,336.82
SF-20065,"Sandra Flanagan",CA-2014-113383,336.82
SF-20065,"Sandra Flanagan",CA-2014-113383,336.82
SF-20065,"Sandra Flanagan",CA-2014-113383,336.82
SF-20065,"Sandra Flanagan",CA-2014-113383,336.82
SF-20065,"Sandra Flanagan",CA-2014-113383,336.82
CR-12580,"Clay Rozendal",US-2017-105998,1872.934
CR-12580,"Clay Rozendal",US-2017-105998,1872.934
CR-12580,"Clay Rozendal",US-2017-105998,1872.934
CR-12580,"Clay Rozendal",US-2017-105998,1872.934
AA-10645,"Anna Andreadi",CA-2015-110863,1430.22
AA-10645,"Anna Andreadi",CA-2015-110863,1430.22
AA-10645,"Anna Andreadi",CA-2015-110863,1430.22
AA-10645,"Anna Andreadi",CA-2015-110863,1430.22
AA-10645,"Anna Andreadi",CA-2015-110863,1430.22
AA-10645,"Anna Andreadi",CA-2015-110863,1430.22
DM-13525,"Don Miller",CA-2015-132465,1082.15
DM-13525,"Don Miller",CA-2015-132465,1082.15
DM-13525,"Don Miller",CA-2015-132465,1082.15
CM-11815,"Candace McMahon",CA-2017-121489,994.464
CM-11815,"Candace McMahon",CA-2017-121489,994.464
CM-11815,"Candace McMahon",CA-2017-121489,994.464
CM-11815,"Candace McMahon",CA-2017-121489,994.464
CM-11815,"Candace McMahon",CA-2017-121489,994.464
JM-15250,"Janet Martin",CA-2017-151750,941.1540000000001
JM-15250,"Janet Martin",CA-2017-151750,941.1540000000001
JM-15250,"Janet Martin",CA-2017-151750,941.1540000000001
JM-15250,"Janet Martin",CA-2017-151750,941.1540000000001
JM-15250,"Janet Martin",CA-2017-151750,941.1540000000001
JM-15250,"Janet Martin",CA-2017-151750,941.1540000000001
RH-19510,"Rick Huthwaite",CA-2016-169663,3384.45
RH-19510,"Rick Huthwaite",CA-2016-169663,3384.45
RH-19510,"Rick Huthwaite",CA-2016-169663,3384.45
RH-19510,"Rick Huthwaite",CA-2016-169663,3384.45
RH-19510,"Rick Huthwaite",CA-2016-169663,3384.45
RH-19510,"Rick Huthwaite",CA-2016-169663,3384.45
SB-20185,"Sarah Brown",CA-2015-149846,3862.0980000000004
SB-20185,"Sarah Brown",CA-2015-149846,3862.0980000000004
SB-20185,"Sarah Brown",CA-2015-149846,3862.0980000000004
SB-20185,"Sarah Brown",CA-2015-149846,3862.0980000000004
SB-20185,"Sarah Brown",CA-2015-149846,3862.0980000000004
SB-20185,"Sarah Brown",CA-2015-149846,3862.0980000000004
CR-12820,"Cyra Reiten",CA-2017-159149,702.8424
CR-12820,"Cyra Reiten",CA-2017-159149,702.8424
CR-12820,"Cyra Reiten",CA-2017-159149,702.8424
EB-13930,"Eric Barreto",US-2017-106551,526.344
EB-13930,"Eric Barreto",US-2017-106551,526.344
EB-13930,"Eric Barreto",US-2017-106551,526.344
EB-13930,"Eric Barreto",US-2017-106551,526.344
EB-13930,"Eric Barreto",US-2017-106551,526.344
LP-17080,"Liz Pelletier",CA-2016-116722,524.616
LP-17080,"Liz Pelletier",CA-2016-116722,524.616
LP-17080,"Liz Pelletier",CA-2016-116722,524.616
CS-12490,"Cindy Schnelling",CA-2016-118073,562.2925
CS-12490,"Cindy Schnelling",CA-2016-118073,562.2925
CS-12490,"Cindy Schnelling",CA-2016-118073,562.2925
CS-12490,"Cindy Schnelling",CA-2016-118073,562.2925
NK-18490,"Neil Knudson",CA-2016-102561,313.84
NK-18490,"Neil Knudson",CA-2016-102561,313.84
NK-18490,"Neil Knudson",CA-2016-102561,313.84
NK-18490,"Neil Knudson",CA-2016-102561,313.84
NK-18490,"Neil Knudson",CA-2016-102561,313.84
AZ-10750,"Annie Zypern",CA-2016-100993,918.9659999999999
AZ-10750,"Annie Zypern",CA-2016-100993,918.9659999999999
AZ-10750,"Annie Zypern",CA-2016-100993,918.9659999999999
AZ-10750,"Annie Zypern",CA-2016-100993,918.9659999999999
AZ-10750,"Annie Zypern",CA-2016-100993,918.9659999999999
RB-19360,"Raymond Buch",CA-2017-140151,14052.48
RB-19360,"Raymond Buch",CA-2017-140151,14052.48
RB-19360,"Raymond Buch",CA-2017-140151,14052.48
RB-19360,"Raymond Buch",CA-2017-140151,14052.48
RB-19360,"Raymond Buch",CA-2017-140151,14052.48
RB-19360,"Raymond Buch",CA-2017-140151,14052.48
MS-17830,"Melanie Seite",CA-2016-131296,239.372
MS-17830,"Melanie Seite",CA-2016-131296,239.372
MS-17830,"Melanie Seite",CA-2016-131296,239.372
MS-17830,"Melanie Seite",CA-2016-131296,239.372
JJ-15445,"Jennifer Jackson",CA-2015-120915,601.5
JJ-15445,"Jennifer Jackson",CA-2015-120915,601.5
JJ-15445,"Jennifer Jackson",CA-2015-120915,601.5
JJ-15445,"Jennifer Jackson",CA-2015-120915,601.5
JJ-15445,"Jennifer Jackson",CA-2015-120915,601.5
SS-20410,"Shahid Shariari",CA-2015-119879,1363.674
SS-20410,"Shahid Shariari",CA-2015-119879,1363.674
SS-20410,"Shahid Shariari",CA-2015-119879,1363.674
SS-20410,"Shahid Shariari",CA-2015-119879,1363.674
SS-20410,"Shahid Shariari",CA-2015-119879,1363.674
SS-20410,"Shahid Shariari",CA-2015-119879,1363.674
KD-16495,"Keith Dawkins",CA-2015-114811,5850.514
KD-16495,"Keith Dawkins",CA-2015-114811,5850.514
KD-16495,"Keith Dawkins",CA-2015-114811,5850.514
KD-16495,"Keith Dawkins",CA-2015-114811,5850.514
KD-16495,"Keith Dawkins",CA-2015-114811,5850.514
KD-16495,"Keith Dawkins",CA-2015-114811,5850.514
KD-16495,"Keith Dawkins",CA-2015-114811,5850.514
KD-16495,"Keith Dawkins",CA-2015-114811,5850.514
KD-16495,"Keith Dawkins",CA-2015-114811,5850.514
BG-11035,"Barry Gonzalez",CA-2015-141565,1664.1319999999998
BG-11035,"Barry Gonzalez",CA-2015-141565,1664.1319999999998
BG-11035,"Barry Gonzalez",CA-2015-141565,1664.1319999999998
BG-11035,"Barry Gonzalez",CA-2015-141565,1664.1319999999998
BG-11035,"Barry Gonzalez",CA-2015-141565,1664.1319999999998
BG-11035,"Barry Gonzalez",CA-2015-141565,1664.1319999999998
BG-11035,"Barry Gonzalez",CA-2015-141565,1664.1319999999998
BG-11035,"Barry Gonzalez",CA-2015-141565,1664.1319999999998
PF-19165,"Philip Fox",CA-2016-162355,1302.83
PF-19165,"Philip Fox",CA-2016-162355,1302.83
PF-19165,"Philip Fox",CA-2016-162355,1302.83
PF-19165,"Philip Fox",CA-2016-162355,1302.83
PF-19165,"Philip Fox",CA-2016-162355,1302.83
PF-19165,"Philip Fox",CA-2016-162355,1302.83
BW-11200,"Ben Wallace",CA-2014-109897,891.7760000000001
BW-11200,"Ben Wallace",CA-2014-109897,891.7760000000001
BW-11200,"Ben Wallace",CA-2014-109897,891.7760000000001
BW-11200,"Ben Wallace",CA-2014-109897,891.7760000000001
BW-11200,"Ben Wallace",CA-2014-109897,891.7760000000001
LP-17095,"Liz Preis",CA-2017-121790,2113.567
LP-17095,"Liz Preis",CA-2017-121790,2113.567
LP-17095,"Liz Preis",CA-2017-121790,2113.567
LP-17095,"Liz Preis",CA-2017-121790,2113.567
LP-17095,"Liz Preis",CA-2017-121790,2113.567
LP-17095,"Liz Preis",CA-2017-121790,2113.567
LP-17095,"Liz Preis",CA-2017-121790,2113.567
JE-15715,"Joe Elijah",CA-2016-169670,2563.056
JE-15715,"Joe Elijah",CA-2016-169670,2563.056
JE-15715,"Joe Elijah",CA-2016-169670,2563.056
JE-15715,"Joe Elijah",CA-2016-169670,2563.056
JE-15715,"Joe Elijah",CA-2016-169670,2563.056
JE-15715,"Joe Elijah",CA-2016-169670,2563.056
JE-15715,"Joe Elijah",CA-2016-169670,2563.056
JE-15715,"Joe Elijah",CA-2016-169670,2563.056
JE-15715,"Joe Elijah",CA-2016-169670,2563.056
BD-11725,"Bruce Degenhardt",CA-2017-146192,675.06
BD-11725,"Bruce Degenhardt",CA-2017-146192,675.06
BD-11725,"Bruce Degenhardt",CA-2017-146192,675.06
BD-11725,"Bruce Degenhardt",CA-2017-146192,675.06
BD-11725,"Bruce Degenhardt",CA-2017-146192,675.06
BD-11725,"Bruce Degenhardt",CA-2017-146192,675.06
SZ-20035,"Sam Zeldin",CA-2015-154284,1349.63
SZ-20035,"Sam Zeldin",CA-2015-154284,1349.63
SZ-20035,"Sam Zeldin",CA-2015-154284,1349.63
SZ-20035,"Sam Zeldin",CA-2015-154284,1349.63
SZ-20035,"Sam Zeldin",CA-2015-154284,1349.63
SZ-20035,"Sam Zeldin",CA-2015-154284,1349.63
SZ-20035,"Sam Zeldin",CA-2015-154284,1349.63
SZ-20035,"Sam Zeldin",CA-2015-154284,1349.63
SZ-20035,"Sam Zeldin",CA-2015-154284,1349.63
SZ-20035,"Sam Zeldin",CA-2015-154284,1349.63
GZ-14545,"George Zrebassa",US-2017-167318,2012.3020000000001
GZ-14545,"George Zrebassa",US-2017-167318,2012.3020000000001
GZ-14545,"George Zrebassa",US-2017-167318,2012.3020000000001
BG-11740,"Bruce Geld",CA-2017-135419,486.368
BG-11740,"Bruce Geld",CA-2017-135419,486.368
BG-11740,"Bruce Geld",CA-2017-135419,486.368
BG-11740,"Bruce Geld",CA-2017-135419,486.368
BG-11740,"Bruce Geld",CA-2017-135419,486.368
BG-11740,"Bruce Geld",CA-2017-135419,486.368
BD-11500,"Bradley Drucker",US-2017-105935,3002.6499999999996
BD-11500,"Bradley Drucker",US-2017-105935,3002.6499999999996
BD-11500,"Bradley Drucker",US-2017-105935,3002.6499999999996
BD-11500,"Bradley Drucker",US-2017-105935,3002.6499999999996
BD-11500,"Bradley Drucker",US-2017-105935,3002.6499999999996
BD-11500,"Bradley Drucker",US-2017-105935,3002.6499999999996
TS-21655,"Trudy Schmidt",CA-2017-147207,1322.75
TS-21655,"Trudy Schmidt",CA-2017-147207,1322.75
TS-21655,"Trudy Schmidt",CA-2017-147207,1322.75
TS-21655,"Trudy Schmidt",CA-2017-147207,1322.75
TS-21655,"Trudy Schmidt",CA-2017-147207,1322.75
JL-15235,"Janet Lee",CA-2017-137631,751.984
JL-15235,"Janet Lee",CA-2017-137631,751.984
JL-15235,"Janet Lee",CA-2017-137631,751.984
JL-15235,"Janet Lee",CA-2017-137631,751.984
JL-15235,"Janet Lee",CA-2017-137631,751.984
MH-17440,"Mark Haberlin",CA-2016-163048,241.5
MH-17440,"Mark Haberlin",CA-2016-163048,241.5
MH-17440,"Mark Haberlin",CA-2016-163048,241.5
MH-17440,"Mark Haberlin",CA-2016-163048,241.5
EJ-14155,"Eva Jacobs",CA-2016-142594,1517.049
EJ-14155,"Eva Jacobs",CA-2016-142594,1517.049
EJ-14155,"Eva Jacobs",CA-2016-142594,1517.049
EJ-14155,"Eva Jacobs",CA-2016-142594,1517.049
EJ-14155,"Eva Jacobs",CA-2016-142594,1517.049
BD-11635,"Brian Derr",CA-2015-110814,419.726
BD-11635,"Brian Derr",CA-2015-110814,419.726
BD-11635,"Brian Derr",CA-2015-110814,419.726
HE-14800,"Harold Engle",CA-2017-140480,469.66
HE-14800,"Harold Engle",CA-2017-140480,469.66
HE-14800,"Harold Engle",CA-2017-140480,469.66
ON-18715,"Odella Nelson",CA-2016-130820,630.024
ON-18715,"Odella Nelson",CA-2016-130820,630.024
ON-18715,"Odella Nelson",CA-2016-130820,630.024
ON-18715,"Odella Nelson",CA-2016-130820,630.024
ON-18715,"Odella Nelson",CA-2016-130820,630.024
ON-18715,"Odella Nelson",CA-2016-130820,630.024
ON-18715,"Odella Nelson",CA-2016-130820,630.024
ON-18715,"Odella Nelson",CA-2016-130820,630.024
ON-18715,"Odella Nelson",CA-2016-130820,630.024
NP-18670,"Nora Paige",CA-2017-150091,2258.28
NP-18670,"Nora Paige",CA-2017-150091,2258.28
NP-18670,"Nora Paige",CA-2017-150091,2258.28
NP-18670,"Nora Paige",CA-2017-150091,2258.28
NP-18670,"Nora Paige",CA-2017-150091,2258.28
AH-10075,"Adam Hart",CA-2017-125451,1169.98
AH-10075,"Adam Hart",CA-2017-125451,1169.98
AH-10075,"Adam Hart",CA-2017-125451,1169.98
AH-10075,"Adam Hart",CA-2017-125451,1169.98
AH-10075,"Adam Hart",CA-2017-125451,1169.98
AH-10075,"Adam Hart",CA-2017-125451,1169.98
AH-10075,"Adam Hart",CA-2017-125451,1169.98
AH-10075,"Adam Hart",CA-2017-125451,1169.98
AH-10075,"Adam Hart",CA-2017-125451,1169.98
AH-10075,"Adam Hart",CA-2017-125451,1169.98
AI-10855,"Arianne Irving",CA-2014-131387,1679.96
AI-10855,"Arianne Irving",CA-2014-131387,1679.96
AI-10855,"Arianne Irving",CA-2014-131387,1679.96
AI-10855,"Arianne Irving",CA-2014-131387,1679.96
AI-10855,"Arianne Irving",CA-2014-131387,1679.96
AI-10855,"Arianne Irving",CA-2014-131387,1679.96
AI-10855,"Arianne Irving",CA-2014-131387,1679.96
AI-10855,"Arianne Irving",CA-2014-131387,1679.96
AI-10855,"Arianne Irving",CA-2014-131387,1679.96
TH-21115,"Thea Hudgings",CA-2016-125087,2027.188
TH-21115,"Thea Hudgings",CA-2016-125087,2027.188
TH-21115,"Thea Hudgings",CA-2016-125087,2027.188
TH-21115,"Thea Hudgings",CA-2016-125087,2027.188
IG-15085,"Ivan Gibson",CA-2015-101000,370.14
IG-15085,"Ivan Gibson",CA-2015-101000,370.14
IG-15085,"Ivan Gibson",CA-2015-101000,370.14
IG-15085,"Ivan Gibson",CA-2015-101000,370.14
AS-10285,"Alejandro Savely",US-2016-164196,2678.94
AS-10285,"Alejandro Savely",US-2016-164196,2678.94
AS-10285,"Alejandro Savely",US-2016-164196,2678.94
AS-10285,"Alejandro Savely",US-2016-164196,2678.94
AS-10285,"Alejandro Savely",US-2016-164196,2678.94
AS-10285,"Alejandro Savely",US-2016-164196,2678.94
BF-11020,"Barry Französisch",CA-2015-145758,1035.8
BF-11020,"Barry Französisch",CA-2015-145758,1035.8
BF-11020,"Barry Französisch",CA-2015-145758,1035.8
BF-11020,"Barry Französisch",CA-2015-145758,1035.8
BF-11020,"Barry Französisch",CA-2015-145758,1035.8
BF-11020,"Barry Französisch",CA-2015-145758,1035.8
BF-11020,"Barry Französisch",CA-2015-145758,1035.8
BD-11560,"Brendan Dodson",CA-2017-124716,168.57999999999998
BD-11560,"Brendan Dodson",CA-2017-124716,168.57999999999998
SE-20110,"Sanjit Engle",CA-2016-158841,8805.04
SE-20110,"Sanjit Engle",CA-2016-158841,8805.04
SE-20110,"Sanjit Engle",CA-2016-158841,8805.04
SE-20110,"Sanjit Engle",CA-2016-158841,8805.04
SE-20110,"Sanjit Engle",CA-2016-158841,8805.04
SE-20110,"Sanjit Engle",CA-2016-158841,8805.04
SE-20110,"Sanjit Engle",CA-2016-158841,8805.04
SE-20110,"Sanjit Engle",CA-2016-158841,8805.04
SE-20110,"Sanjit Engle",CA-2016-158841,8805.04
SE-20110,"Sanjit Engle",CA-2016-158841,8805.04
SE-20110,"Sanjit Engle",CA-2016-158841,8805.04
AB-10150,"Aimee Bixby",CA-2014-169061,705.5619999999999
AB-10150,"Aimee Bixby",CA-2014-169061,705.5619999999999
AB-10150,"Aimee Bixby",CA-2014-169061,705.5619999999999
AB-10150,"Aimee Bixby",CA-2014-169061,705.5619999999999
AB-10150,"Aimee Bixby",CA-2014-169061,705.5619999999999
DO-13645,"Doug O'Connell",CA-2017-118003,498.15
DO-13645,"Doug O'Connell",CA-2017-118003,498.15
DO-13645,"Doug O'Connell",CA-2017-118003,498.15
DO-13645,"Doug O'Connell",CA-2017-118003,498.15
DO-13645,"Doug O'Connell",CA-2017-118003,498.15
DO-13645,"Doug O'Connell",CA-2017-118003,498.15
BS-11755,"Bruce Stewart",CA-2016-156748,900.59
BS-11755,"Bruce Stewart",CA-2016-156748,900.59
BS-11755,"Bruce Stewart",CA-2016-156748,900.59
BS-11755,"Bruce Stewart",CA-2016-156748,900.59
BS-11755,"Bruce Stewart",CA-2016-156748,900.59
BS-11755,"Bruce Stewart",CA-2016-156748,900.59
BS-11755,"Bruce Stewart",CA-2016-156748,900.59
KB-16315,"Karl Braun",CA-2017-147354,510.82399999999996
KB-16315,"Karl Braun",CA-2017-147354,510.82399999999996
KB-16315,"Karl Braun",CA-2017-147354,510.82399999999996
KB-16315,"Karl Braun",CA-2017-147354,510.82399999999996
KB-16315,"Karl Braun",CA-2017-147354,510.82399999999996
KB-16315,"Karl Braun",CA-2017-147354,510.82399999999996
KB-16315,"Karl Braun",CA-2017-147354,510.82399999999996
KB-16315,"Karl Braun",CA-2017-147354,510.82399999999996
KB-16315,"Karl Braun",CA-2017-147354,510.82399999999996
PM-18940,"Paul MacIntyre",CA-2016-102092,1056.86
PM-18940,"Paul MacIntyre",CA-2016-102092,1056.86
PM-18940,"Paul MacIntyre",CA-2016-102092,1056.86
DC-13285,"Debra Catini",CA-2015-117884,598.352
DC-13285,"Debra Catini",CA-2015-117884,598.352
DC-13285,"Debra Catini",CA-2015-117884,598.352
DC-13285,"Debra Catini",CA-2015-117884,598.352
DC-13285,"Debra Catini",CA-2015-117884,598.352
DJ-13420,"Denny Joy",CA-2016-123540,1454.9
DJ-13420,"Denny Joy",CA-2016-123540,1454.9
DJ-13420,"Denny Joy",CA-2016-123540,1454.9
DP-13105,"Dave Poirier",CA-2016-162390,1671.08
DP-13105,"Dave Poirier",CA-2016-162390,1671.08
DP-13105,"Dave Poirier",CA-2016-162390,1671.08
DP-13105,"Dave Poirier",CA-2016-162390,1671.08
DP-13105,"Dave Poirier",CA-2016-162390,1671.08
DP-13105,"Dave Poirier",CA-2016-162390,1671.08
DP-13105,"Dave Poirier",CA-2016-162390,1671.08
CM-12190,"Charlotte Melton",CA-2017-146164,638.68
CM-12190,"Charlotte Melton",CA-2017-146164,638.68
CM-12190,"Charlotte Melton",CA-2017-146164,638.68
CM-12190,"Charlotte Melton",CA-2017-146164,638.68
CM-12190,"Charlotte Melton",CA-2017-146164,638.68
CM-12190,"Charlotte Melton",CA-2017-146164,638.68
KB-16240,"Karen Bern",CA-2017-162015,1455.55
KB-16240,"Karen Bern",CA-2017-162015,1455.55
KB-16240,"Karen Bern",CA-2017-162015,1455.55
KB-16240,"Karen Bern",CA-2017-162015,1455.55
KB-16240,"Karen Bern",CA-2017-162015,1455.55
KB-16240,"Karen Bern",CA-2017-162015,1455.55
BT-11440,"Bobby Trafton",CA-2014-151946,440.04799999999994
BT-11440,"Bobby Trafton",CA-2014-151946,440.04799999999994
BT-11440,"Bobby Trafton",CA-2014-151946,440.04799999999994
BT-11440,"Bobby Trafton",CA-2014-151946,440.04799999999994
AG-10525,"Andy Gerbode",CA-2015-164084,648.6759999999999
AG-10525,"Andy Gerbode",CA-2015-164084,648.6759999999999
AG-10525,"Andy Gerbode",CA-2015-164084,648.6759999999999
AG-10525,"Andy Gerbode",CA-2015-164084,648.6759999999999
OT-18730,"Olvera Toch",CA-2016-107783,1556.694
OT-18730,"Olvera Toch",CA-2016-107783,1556.694
OT-18730,"Olvera Toch",CA-2016-107783,1556.694
OT-18730,"Olvera Toch",CA-2016-107783,1556.694
OT-18730,"Olvera Toch",CA-2016-107783,1556.694
JM-16195,"Justin MacKendrick",CA-2014-160094,1000.95
JM-16195,"Justin MacKendrick",CA-2014-160094,1000.95
JM-16195,"Justin MacKendrick",CA-2014-160094,1000.95
JM-16195,"Justin MacKendrick",CA-2014-160094,1000.95
JM-16195,"Justin MacKendrick",CA-2014-160094,1000.95
JM-16195,"Justin MacKendrick",CA-2014-160094,1000.95
JM-16195,"Justin MacKendrick",CA-2014-160094,1000.95
JM-16195,"Justin MacKendrick",CA-2014-160094,1000.95
JM-16195,"Justin MacKendrick",CA-2014-160094,1000.95
JM-16195,"Justin MacKendrick",CA-2014-160094,1000.95
RH-19555,"Ritsa Hightower",CA-2016-164574,732.156
RH-19555,"Ritsa Hightower",CA-2016-164574,732.156
HZ-14950,"Henia Zydlo",CA-2017-124765,723.92
HZ-14950,"Henia Zydlo",CA-2017-124765,723.92
HZ-14950,"Henia Zydlo",CA-2017-124765,723.92
HZ-14950,"Henia Zydlo",CA-2017-124765,723.92
CJ-11875,"Carl Jackson",CA-2016-163951,16.52
JD-15895,"Jonathan Doherty",CA-2016-143805,2145.25
JD-15895,"Jonathan Doherty",CA-2016-143805,2145.25
JD-15895,"Jonathan Doherty",CA-2016-143805,2145.25
JD-15895,"Jonathan Doherty",CA-2016-143805,2145.25
JD-15895,"Jonathan Doherty",CA-2016-143805,2145.25
JD-15895,"Jonathan Doherty",CA-2016-143805,2145.25
JD-15895,"Jonathan Doherty",CA-2016-143805,2145.25
JD-15895,"Jonathan Doherty",CA-2016-143805,2145.25
SP-20650,"Stephanie Phelps",CA-2016-136770,787.044
SP-20650,"Stephanie Phelps",CA-2016-136770,787.044
SP-20650,"Stephanie Phelps",CA-2016-136770,787.044
SP-20650,"Stephanie Phelps",CA-2016-136770,787.044
SP-20650,"Stephanie Phelps",CA-2016-136770,787.044
SP-20650,"Stephanie Phelps",CA-2016-136770,787.044
SP-20650,"Stephanie Phelps",CA-2016-136770,787.044
SP-20650,"Stephanie Phelps",CA-2016-136770,787.044
TS-21205,"Thomas Seio",CA-2017-119284,2942.784
TS-21205,"Thomas Seio",CA-2017-119284,2942.784
TS-21205,"Thomas Seio",CA-2017-119284,2942.784
TS-21205,"Thomas Seio",CA-2017-119284,2942.784
TS-21205,"Thomas Seio",CA-2017-119284,2942.784
TS-21205,"Thomas Seio",CA-2017-119284,2942.784
TS-21205,"Thomas Seio",CA-2017-119284,2942.784
PW-19030,"Pauline Webber",CA-2017-116988,1433.19
PW-19030,"Pauline Webber",CA-2017-116988,1433.19
PW-19030,"Pauline Webber",CA-2017-116988,1433.19
PW-19030,"Pauline Webber",CA-2017-116988,1433.19
PW-19030,"Pauline Webber",CA-2017-116988,1433.19
PW-19030,"Pauline Webber",CA-2017-116988,1433.19
PW-19030,"Pauline Webber",CA-2017-116988,1433.19
PW-19030,"Pauline Webber",CA-2017-116988,1433.19
LC-16885,"Lena Creighton",US-2015-163825,3184.356
LC-16885,"Lena Creighton",US-2015-163825,3184.356
LC-16885,"Lena Creighton",US-2015-163825,3184.356
LC-16885,"Lena Creighton",US-2015-163825,3184.356
LC-16885,"Lena Creighton",US-2015-163825,3184.356
LC-16885,"Lena Creighton",US-2015-163825,3184.356
LC-16885,"Lena Creighton",US-2015-163825,3184.356
LC-16885,"Lena Creighton",US-2015-163825,3184.356
LC-16885,"Lena Creighton",US-2015-163825,3184.356
LC-16885,"Lena Creighton",US-2015-163825,3184.356
LC-16885,"Lena Creighton",US-2015-163825,3184.356
TT-21220,"Thomas Thornton",CA-2017-162075,537.544
TT-21220,"Thomas Thornton",CA-2017-162075,537.544
TT-21220,"Thomas Thornton",CA-2017-162075,537.544
TT-21220,"Thomas Thornton",CA-2017-162075,537.544
TT-21220,"Thomas Thornton",CA-2017-162075,537.544
TT-21220,"Thomas Thornton",CA-2017-162075,537.544
TT-21220,"Thomas Thornton",CA-2017-162075,537.544
BP-11095,"Bart Pistole",CA-2014-162992,832.1379999999999
BP-11095,"Bart Pistole",CA-2014-162992,832.1379999999999
BP-11095,"Bart Pistole",CA-2014-162992,832.1379999999999
BP-11095,"Bart Pistole",CA-2014-162992,832.1379999999999
BP-11095,"Bart Pistole",CA-2014-162992,832.1379999999999
BP-11095,"Bart Pistole",CA-2014-162992,832.1379999999999
BP-11095,"Bart Pistole",CA-2014-162992,832.1379999999999
BP-11095,"Bart Pistole",CA-2014-162992,832.1379999999999
BP-11095,"Bart Pistole",CA-2014-162992,832.1379999999999
BP-11095,"Bart Pistole",CA-2014-162992,832.1379999999999
VM-21685,"Valerie Mitchum",US-2016-150140,1294.75
VM-21685,"Valerie Mitchum",US-2016-150140,1294.75
VM-21685,"Valerie Mitchum",US-2016-150140,1294.75
VM-21685,"Valerie Mitchum",US-2016-150140,1294.75
VM-21685,"Valerie Mitchum",US-2016-150140,1294.75
VM-21685,"Valerie Mitchum",US-2016-150140,1294.75
VM-21685,"Valerie Mitchum",US-2016-150140,1294.75
KT-16480,"Kean Thornton",CA-2014-116666,1799.97
KT-16480,"Kean Thornton",CA-2014-116666,1799.97
KT-16480,"Kean Thornton",CA-2014-116666,1799.97
KT-16480,"Kean Thornton",CA-2014-116666,1799.97
KT-16480,"Kean Thornton",CA-2014-116666,1799.97
KT-16480,"Kean Thornton",CA-2014-116666,1799.97
KT-16480,"Kean Thornton",CA-2014-116666,1799.97
KT-16480,"Kean Thornton",CA-2014-116666,1799.97
KT-16480,"Kean Thornton",CA-2014-116666,1799.97
KT-16480,"Kean Thornton",CA-2014-116666,1799.97
AB-10015,"Aaron Bergman",CA-2016-140935,563.9399999999999
AB-10015,"Aaron Bergman",CA-2016-140935,563.9399999999999
AB-10015,"Aaron Bergman",CA-2016-140935,563.9399999999999
DK-13090,"Dave Kipp",CA-2017-100622,1030.7420000000002
DK-13090,"Dave Kipp",CA-2017-100622,1030.7420000000002
DK-13090,"Dave Kipp",CA-2017-100622,1030.7420000000002
DK-13090,"Dave Kipp",CA-2017-100622,1030.7420000000002
DK-13090,"Dave Kipp",CA-2017-100622,1030.7420000000002
DK-13090,"Dave Kipp",CA-2017-100622,1030.7420000000002
DK-13090,"Dave Kipp",CA-2017-100622,1030.7420000000002
SW-20455,"Shaun Weien",CA-2015-153423,1217.568
SW-20455,"Shaun Weien",CA-2015-153423,1217.568
SW-20455,"Shaun Weien",CA-2015-153423,1217.568
SW-20455,"Shaun Weien",CA-2015-153423,1217.568
SW-20455,"Shaun Weien",CA-2015-153423,1217.568
SW-20455,"Shaun Weien",CA-2015-153423,1217.568
SW-20455,"Shaun Weien",CA-2015-153423,1217.568
JW-15220,"Jane Waco",CA-2017-135909,5325.884
JW-15220,"Jane Waco",CA-2017-135909,5325.884
JW-15220,"Jane Waco",CA-2017-135909,5325.884
JW-15220,"Jane Waco",CA-2017-135909,5325.884
JW-15220,"Jane Waco",CA-2017-135909,5325.884
JW-15220,"Jane Waco",CA-2017-135909,5325.884
CC-12475,"Cindy Chapman",CA-2016-158260,686.4
CC-12475,"Cindy Chapman",CA-2016-158260,686.4
CC-12475,"Cindy Chapman",CA-2016-158260,686.4
CC-12475,"Cindy Chapman",CA-2016-158260,686.4
CC-12475,"Cindy Chapman",CA-2016-158260,686.4
CC-12475,"Cindy Chapman",CA-2016-158260,686.4
CC-12475,"Cindy Chapman",CA-2016-158260,686.4
CC-12475,"Cindy Chapman",CA-2016-158260,686.4
CC-12475,"Cindy Chapman",CA-2016-158260,686.4
AM-10360,"Alice McCarthy",US-2015-107944,432.69
AM-10360,"Alice McCarthy",US-2015-107944,432.69
AM-10360,"Alice McCarthy",US-2015-107944,432.69
AM-10360,"Alice McCarthy",US-2015-107944,432.69
FC-14245,"Frank Carlisle",CA-2016-147256,2377.56
FC-14245,"Frank Carlisle",CA-2016-147256,2377.56
FC-14245,"Frank Carlisle",CA-2016-147256,2377.56
FC-14245,"Frank Carlisle",CA-2016-147256,2377.56
FC-14245,"Frank Carlisle",CA-2016-147256,2377.56
FC-14245,"Frank Carlisle",CA-2016-147256,2377.56
FC-14245,"Frank Carlisle",CA-2016-147256,2377.56
LC-16960,"Lindsay Castell",CA-2015-111038,2676.672
LC-16960,"Lindsay Castell",CA-2015-111038,2676.672
LC-16960,"Lindsay Castell",CA-2015-111038,2676.672
LC-16960,"Lindsay Castell",CA-2015-111038,2676.672
EM-14095,"Eudokia Martin",CA-2015-163237,520.03
EM-14095,"Eudokia Martin",CA-2015-163237,520.03
EM-14095,"Eudokia Martin",CA-2015-163237,520.03
EM-14095,"Eudokia Martin",CA-2015-163237,520.03
CV-12805,"Cynthia Voltz",US-2016-144057,1013.7919999999999
CV-12805,"Cynthia Voltz",US-2016-144057,1013.7919999999999
CV-12805,"Cynthia Voltz",US-2016-144057,1013.7919999999999
CV-12805,"Cynthia Voltz",US-2016-144057,1013.7919999999999
CV-12805,"Cynthia Voltz",US-2016-144057,1013.7919999999999
CV-12805,"Cynthia Voltz",US-2016-144057,1013.7919999999999
CV-12805,"Cynthia Voltz",US-2016-144057,1013.7919999999999
CV-12805,"Cynthia Voltz",US-2016-144057,1013.7919999999999
DF-13135,"David Flashing",CA-2016-168032,2067.7960000000003
DF-13135,"David Flashing",CA-2016-168032,2067.7960000000003
DF-13135,"David Flashing",CA-2016-168032,2067.7960000000003
JL-15130,"Jack Lebron",CA-2017-150910,1090.348
JL-15130,"Jack Lebron",CA-2017-150910,1090.348
JL-15130,"Jack Lebron",CA-2017-150910,1090.348
JL-15130,"Jack Lebron",CA-2017-150910,1090.348
JL-15130,"Jack Lebron",CA-2017-150910,1090.348
JL-15130,"Jack Lebron",CA-2017-150910,1090.348
JH-15430,"Jennifer Halladay",CA-2017-105620,141
JH-15430,"Jennifer Halladay",CA-2017-105620,141
JH-15430,"Jennifer Halladay",CA-2017-105620,141
JH-15430,"Jennifer Halladay",CA-2017-105620,141
LW-17125,"Liz Willingham",CA-2016-157280,1120.73
LW-17125,"Liz Willingham",CA-2016-157280,1120.73
LW-17125,"Liz Willingham",CA-2016-157280,1120.73
HM-14860,"Harry Marie",US-2015-128587,4909.610000000001
HM-14860,"Harry Marie",US-2015-128587,4909.610000000001
HM-14860,"Harry Marie",US-2015-128587,4909.610000000001
HM-14860,"Harry Marie",US-2015-128587,4909.610000000001
HM-14860,"Harry Marie",US-2015-128587,4909.610000000001
HM-14860,"Harry Marie",US-2015-128587,4909.610000000001
HM-14860,"Harry Marie",US-2015-128587,4909.610000000001
HM-14860,"Harry Marie",US-2015-128587,4909.610000000001
HM-14860,"Harry Marie",US-2015-128587,4909.610000000001
HM-14860,"Harry Marie",US-2015-128587,4909.610000000001
VP-21760,"Victoria Pisteka",CA-2017-159100,1893.786
VP-21760,"Victoria Pisteka",CA-2017-159100,1893.786
VP-21760,"Victoria Pisteka",CA-2017-159100,1893.786
VP-21760,"Victoria Pisteka",CA-2017-159100,1893.786
VP-21760,"Victoria Pisteka",CA-2017-159100,1893.786
VP-21760,"Victoria Pisteka",CA-2017-159100,1893.786
AB-10105,"Adrian Barton",CA-2016-117121,9892.74
AB-10105,"Adrian Barton",CA-2016-117121,9892.74
AB-10105,"Adrian Barton",CA-2016-117121,9892.74
AB-10105,"Adrian Barton",CA-2016-117121,9892.74
AB-10105,"Adrian Barton",CA-2016-117121,9892.74
AB-10105,"Adrian Barton",CA-2016-117121,9892.74
AB-10105,"Adrian Barton",CA-2016-117121,9892.74
AB-10105,"Adrian Barton",CA-2016-117121,9892.74
ED-13885,"Emily Ducich",CA-2015-160227,2621.322
ED-13885,"Emily Ducich",CA-2015-160227,2621.322
ED-13885,"Emily Ducich",CA-2015-160227,2621.322
ED-13885,"Emily Ducich",CA-2015-160227,2621.322
ED-13885,"Emily Ducich",CA-2015-160227,2621.322
ED-13885,"Emily Ducich",CA-2015-160227,2621.322
DW-13585,"Dorothy Wardle",CA-2015-162950,498.492
DW-13585,"Dorothy Wardle",CA-2015-162950,498.492
DW-13585,"Dorothy Wardle",CA-2015-162950,498.492
DW-13585,"Dorothy Wardle",CA-2015-162950,498.492
DW-13585,"Dorothy Wardle",CA-2015-162950,498.492
DW-13585,"Dorothy Wardle",CA-2015-162950,498.492
DW-13585,"Dorothy Wardle",CA-2015-162950,498.492
AJ-10945,"Ashley Jarboe",US-2015-132836,774.47
AJ-10945,"Ashley Jarboe",US-2015-132836,774.47
AJ-10945,"Ashley Jarboe",US-2015-132836,774.47
AJ-10945,"Ashley Jarboe",US-2015-132836,774.47
AJ-10945,"Ashley Jarboe",US-2015-132836,774.47
AJ-10945,"Ashley Jarboe",US-2015-132836,774.47
AJ-10945,"Ashley Jarboe",US-2015-132836,774.47
MM-18280,"Muhammed MacIntyre",CA-2015-132941,262.72
MM-18280,"Muhammed MacIntyre",CA-2015-132941,262.72
MM-18280,"Muhammed MacIntyre",CA-2015-132941,262.72
MM-18280,"Muhammed MacIntyre",CA-2015-132941,262.72
MM-18280,"Muhammed MacIntyre",CA-2015-132941,262.72
MM-18280,"Muhammed MacIntyre",CA-2015-132941,262.72
MM-18280,"Muhammed MacIntyre",CA-2015-132941,262.72
NS-18505,"Neola Schneider",CA-2017-153045,1370.5349999999999
NS-18505,"Neola Schneider",CA-2017-153045,1370.5349999999999
NS-18505,"Neola Schneider",CA-2017-153045,1370.5349999999999
BM-11785,"Bryan Mills",CA-2014-106971,475.944
BM-11785,"Bryan Mills",CA-2014-106971,475.944
BM-11785,"Bryan Mills",CA-2014-106971,475.944
BM-11785,"Bryan Mills",CA-2014-106971,475.944
BM-11785,"Bryan Mills",CA-2014-106971,475.944
BM-11785,"Bryan Mills",CA-2014-106971,475.944
BM-11785,"Bryan Mills",CA-2014-106971,475.944
BM-11785,"Bryan Mills",CA-2014-106971,475.944
FW-14395,"Fred Wasserman",CA-2016-139409,43.6
FW-14395,"Fred Wasserman",CA-2016-139409,43.6
FW-14395,"Fred Wasserman",CA-2016-139409,43.6
CB-12535,"Claudia Bergmann",US-2016-165505,1672.31
CB-12535,"Claudia Bergmann",US-2016-165505,1672.31
CB-12535,"Claudia Bergmann",US-2016-165505,1672.31
CB-12535,"Claudia Bergmann",US-2016-165505,1672.31
CB-12535,"Claudia Bergmann",US-2016-165505,1672.31
CB-12535,"Claudia Bergmann",US-2016-165505,1672.31
CB-12535,"Claudia Bergmann",US-2016-165505,1672.31
CB-12535,"Claudia Bergmann",US-2016-165505,1672.31
ML-17395,"Marina Lichtenstein",CA-2014-134215,617.12
ML-17395,"Marina Lichtenstein",CA-2014-134215,617.12
ML-17395,"Marina Lichtenstein",CA-2014-134215,617.12
ML-17395,"Marina Lichtenstein",CA-2014-134215,617.12
ML-17395,"Marina Lichtenstein",CA-2014-134215,617.12
ML-17395,"Marina Lichtenstein",CA-2014-134215,617.12
ML-17395,"Marina Lichtenstein",CA-2014-134215,617.12
ML-17395,"Marina Lichtenstein",CA-2014-134215,617.12
MJ-17740,"Max Jones",CA-2016-100300,4823.09
MJ-17740,"Max Jones",CA-2016-100300,4823.09
MJ-17740,"Max Jones",CA-2016-100300,4823.09
MJ-17740,"Max Jones",CA-2016-100300,4823.09
MJ-17740,"Max Jones",CA-2016-100300,4823.09
MJ-17740,"Max Jones",CA-2016-100300,4823.09
MJ-17740,"Max Jones",CA-2016-100300,4823.09
LB-16795,"Laurel Beltran",US-2016-155768,1215.72
LB-16795,"Laurel Beltran",US-2016-155768,1215.72
LB-16795,"Laurel Beltran",US-2016-155768,1215.72
LB-16795,"Laurel Beltran",US-2016-155768,1215.72
LB-16795,"Laurel Beltran",US-2016-155768,1215.72
LB-16795,"Laurel Beltran",US-2016-155768,1215.72
LB-16795,"Laurel Beltran",US-2016-155768,1215.72
LB-16795,"Laurel Beltran",US-2016-155768,1215.72
JL-15505,"Jeremy Lonsdale",CA-2017-156776,2532.1859999999997
JL-15505,"Jeremy Lonsdale",CA-2017-156776,2532.1859999999997
JL-15505,"Jeremy Lonsdale",CA-2017-156776,2532.1859999999997
JL-15505,"Jeremy Lonsdale",CA-2017-156776,2532.1859999999997
JL-15505,"Jeremy Lonsdale",CA-2017-156776,2532.1859999999997
JL-15505,"Jeremy Lonsdale",CA-2017-156776,2532.1859999999997
BB-10990,"Barry Blumstein",CA-2015-141810,374.076
BB-10990,"Barry Blumstein",CA-2015-141810,374.076
BB-10990,"Barry Blumstein",CA-2015-141810,374.076
BB-10990,"Barry Blumstein",CA-2015-141810,374.076
BB-10990,"Barry Blumstein",CA-2015-141810,374.076
GM-14680,"Greg Matthias",CA-2014-103310,1769.784
GM-14680,"Greg Matthias",CA-2014-103310,1769.784
GM-14680,"Greg Matthias",CA-2014-103310,1769.784
GM-14680,"Greg Matthias",CA-2014-103310,1769.784
GM-14680,"Greg Matthias",CA-2014-103310,1769.784
RS-19870,"Roy Skaria",CA-2017-142776,12.68
RS-19870,"Roy Skaria",CA-2017-142776,12.68
MH-18025,"Michelle Huthwaite",CA-2017-103212,1541.51
MH-18025,"Michelle Huthwaite",CA-2017-103212,1541.51
MH-18025,"Michelle Huthwaite",CA-2017-103212,1541.51
MH-18025,"Michelle Huthwaite",CA-2017-103212,1541.51
MH-18025,"Michelle Huthwaite",CA-2017-103212,1541.51
SW-20275,"Scott Williamson",CA-2016-127761,885.5699999999999
SW-20275,"Scott Williamson",CA-2016-127761,885.5699999999999
SW-20275,"Scott Williamson",CA-2016-127761,885.5699999999999
SW-20275,"Scott Williamson",CA-2016-127761,885.5699999999999
SW-20275,"Scott Williamson",CA-2016-127761,885.5699999999999
PK-19075,"Pete Kriz",US-2017-102183,4337.639999999999
PK-19075,"Pete Kriz",US-2017-102183,4337.639999999999
PK-19075,"Pete Kriz",US-2017-102183,4337.639999999999
PK-19075,"Pete Kriz",US-2017-102183,4337.639999999999
PK-19075,"Pete Kriz",US-2017-102183,4337.639999999999
PK-19075,"Pete Kriz",US-2017-102183,4337.639999999999
PK-19075,"Pete Kriz",US-2017-102183,4337.639999999999
PK-19075,"Pete Kriz",US-2017-102183,4337.639999999999
PK-19075,"Pete Kriz",US-2017-102183,4337.639999999999
PK-19075,"Pete Kriz",US-2017-102183,4337.639999999999
AH-10210,"Alan Hwang",CA-2017-146983,1577.94
AH-10210,"Alan Hwang",CA-2017-146983,1577.94
AH-10210,"Alan Hwang",CA-2017-146983,1577.94
AH-10210,"Alan Hwang",CA-2017-146983,1577.94
AH-10210,"Alan Hwang",CA-2017-146983,1577.94
AH-10210,"Alan Hwang",CA-2017-146983,1577.94
AH-10210,"Alan Hwang",CA-2017-146983,1577.94
AH-10210,"Alan Hwang",CA-2017-146983,1577.94
AH-10210,"Alan Hwang",CA-2017-146983,1577.94
HJ-14875,"Heather Jas",CA-2016-166772,163.88
HJ-14875,"Heather Jas",CA-2016-166772,163.88
HJ-14875,"Heather Jas",CA-2016-166772,163.88
HJ-14875,"Heather Jas",CA-2016-166772,163.88
HJ-14875,"Heather Jas",CA-2016-166772,163.88
TB-21625,"Trudy Brown",US-2017-165456,1079.316
TB-21625,"Trudy Brown",US-2017-165456,1079.316
TB-21625,"Trudy Brown",US-2017-165456,1079.316
TB-21625,"Trudy Brown",US-2017-165456,1079.316
TB-21625,"Trudy Brown",US-2017-165456,1079.316
TB-21625,"Trudy Brown",US-2017-165456,1079.316
TB-21625,"Trudy Brown",US-2017-165456,1079.316
TB-21625,"Trudy Brown",US-2017-165456,1079.316
JH-16180,"Justin Hirsh",CA-2016-161907,887.966
JH-16180,"Justin Hirsh",CA-2016-161907,887.966
JH-16180,"Justin Hirsh",CA-2016-161907,887.966
JH-16180,"Justin Hirsh",CA-2016-161907,887.966
DB-13660,"Duane Benoit",CA-2017-121853,878.816
DB-13660,"Duane Benoit",CA-2017-121853,878.816
DB-13660,"Duane Benoit",CA-2017-121853,878.816
DB-13660,"Duane Benoit",CA-2017-121853,878.816
DB-13660,"Duane Benoit",CA-2017-121853,878.816
DB-13660,"Duane Benoit",CA-2017-121853,878.816
DB-13660,"Duane Benoit",CA-2017-121853,878.816
CK-12325,"Christine Kargatis",CA-2017-109085,1443.138
CK-12325,"Christine Kargatis",CA-2017-109085,1443.138
CK-12325,"Christine Kargatis",CA-2017-109085,1443.138
CK-12325,"Christine Kargatis",CA-2017-109085,1443.138
CK-12325,"Christine Kargatis",CA-2017-109085,1443.138
DN-13690,"Duane Noonan",CA-2016-114860,884.6800000000001
DN-13690,"Duane Noonan",CA-2016-114860,884.6800000000001
DN-13690,"Duane Noonan",CA-2016-114860,884.6800000000001
DN-13690,"Duane Noonan",CA-2016-114860,884.6800000000001
DN-13690,"Duane Noonan",CA-2016-114860,884.6800000000001
DN-13690,"Duane Noonan",CA-2016-114860,884.6800000000001
PS-18970,"Paul Stevenson",CA-2017-111591,425.056
PS-18970,"Paul Stevenson",CA-2017-111591,425.056
PS-18970,"Paul Stevenson",CA-2017-111591,425.056
PS-18970,"Paul Stevenson",CA-2017-111591,425.056
PS-18970,"Paul Stevenson",CA-2017-111591,425.056
PS-18970,"Paul Stevenson",CA-2017-111591,425.056
PS-18970,"Paul Stevenson",CA-2017-111591,425.056
PS-18970,"Paul Stevenson",CA-2017-111591,425.056
RD-19480,"Rick Duston",CA-2014-108147,1745.3600000000001
RD-19480,"Rick Duston",CA-2014-108147,1745.3600000000001
RD-19480,"Rick Duston",CA-2014-108147,1745.3600000000001
RD-19480,"Rick Duston",CA-2014-108147,1745.3600000000001
RD-19480,"Rick Duston",CA-2014-108147,1745.3600000000001
RD-19480,"Rick Duston",CA-2014-108147,1745.3600000000001
RD-19480,"Rick Duston",CA-2014-108147,1745.3600000000001
RD-19480,"Rick Duston",CA-2014-108147,1745.3600000000001
RM-19375,"Raymond Messe",US-2017-127292,637.1800000000001
RM-19375,"Raymond Messe",US-2017-127292,637.1800000000001
RM-19375,"Raymond Messe",US-2017-127292,637.1800000000001
RM-19375,"Raymond Messe",US-2017-127292,637.1800000000001
RM-19375,"Raymond Messe",US-2017-127292,637.1800000000001
RM-19375,"Raymond Messe",US-2017-127292,637.1800000000001
MW-18220,"Mitch Webber",CA-2014-125997,3519.37
MW-18220,"Mitch Webber",CA-2014-125997,3519.37
MW-18220,"Mitch Webber",CA-2014-125997,3519.37
MW-18220,"Mitch Webber",CA-2014-125997,3519.37
MW-18220,"Mitch Webber",CA-2014-125997,3519.37
LC-17140,"Logan Currie",CA-2017-162789,1083.07
LC-17140,"Logan Currie",CA-2017-162789,1083.07
LC-17140,"Logan Currie",CA-2017-162789,1083.07
LC-17140,"Logan Currie",CA-2017-162789,1083.07
LC-17140,"Logan Currie",CA-2017-162789,1083.07
LC-17140,"Logan Currie",CA-2017-162789,1083.07
LC-17140,"Logan Currie",CA-2017-162789,1083.07
LC-17140,"Logan Currie",CA-2017-162789,1083.07
SC-20305,"Sean Christensen",CA-2015-164777,2803.92
SC-20305,"Sean Christensen",CA-2015-164777,2803.92
SC-20305,"Sean Christensen",CA-2015-164777,2803.92
SC-20305,"Sean Christensen",CA-2015-164777,2803.92
SC-20305,"Sean Christensen",CA-2015-164777,2803.92
SC-20305,"Sean Christensen",CA-2015-164777,2803.92
SC-20305,"Sean Christensen",CA-2015-164777,2803.92
LW-17215,"Luke Weiss",CA-2014-116246,3785.292
LW-17215,"Luke Weiss",CA-2014-116246,3785.292
LW-17215,"Luke Weiss",CA-2014-116246,3785.292
LW-17215,"Luke Weiss",CA-2014-116246,3785.292
LW-17215,"Luke Weiss",CA-2014-116246,3785.292
LW-17215,"Luke Weiss",CA-2014-116246,3785.292
BP-11185,"Ben Peterman",CA-2015-166219,1203.441
BP-11185,"Ben Peterman",CA-2015-166219,1203.441
BP-11185,"Ben Peterman",CA-2015-166219,1203.441
BP-11185,"Ben Peterman",CA-2015-166219,1203.441
BP-11185,"Ben Peterman",CA-2015-166219,1203.441
BP-11185,"Ben Peterman",CA-2015-166219,1203.441
BP-11185,"Ben Peterman",CA-2015-166219,1203.441
BP-11185,"Ben Peterman",CA-2015-166219,1203.441
RE-19405,"Ricardo Emerson",CA-2014-165477,48.36
CD-12280,"Christina DeMoss",CA-2017-102925,694.636
CD-12280,"Christina DeMoss",CA-2017-102925,694.636
EM-13960,"Eric Murdock",CA-2015-156566,572.8
EM-13960,"Eric Murdock",CA-2015-156566,572.8
EM-13960,"Eric Murdock",CA-2015-156566,572.8
EM-13960,"Eric Murdock",CA-2015-156566,572.8
EM-13960,"Eric Murdock",CA-2015-156566,572.8
BO-11350,"Bill Overfelt",CA-2016-105207,1604.73
BO-11350,"Bill Overfelt",CA-2016-105207,1604.73
BO-11350,"Bill Overfelt",CA-2016-105207,1604.73
BO-11350,"Bill Overfelt",CA-2016-105207,1604.73
BO-11350,"Bill Overfelt",CA-2016-105207,1604.73
BE-11410,"Bobby Elias",CA-2016-125220,1649.75
BE-11410,"Bobby Elias",CA-2016-125220,1649.75
BE-11410,"Bobby Elias",CA-2016-125220,1649.75
BE-11410,"Bobby Elias",CA-2016-125220,1649.75
BE-11410,"Bobby Elias",CA-2016-125220,1649.75
PB-18805,"Patrick Bzostek",CA-2017-156958,497.044
PB-18805,"Patrick Bzostek",CA-2017-156958,497.044
PB-18805,"Patrick Bzostek",CA-2017-156958,497.044
RP-19270,"Rachel Payne",CA-2015-135251,467.6532
RP-19270,"Rachel Payne",CA-2015-135251,467.6532
RP-19270,"Rachel Payne",CA-2015-135251,467.6532
RP-19270,"Rachel Payne",CA-2015-135251,467.6532
SM-20905,"Susan MacKendrick",CA-2016-129280,1043.0410000000002
TG-21640,"Trudy Glocke",CA-2014-130428,1142.165
TG-21640,"Trudy Glocke",CA-2014-130428,1142.165
TG-21640,"Trudy Glocke",CA-2014-130428,1142.165
TG-21640,"Trudy Glocke",CA-2014-130428,1142.165
PS-18760,"Pamela Stobb",CA-2015-143147,610.156
PS-18760,"Pamela Stobb",CA-2015-143147,610.156
PS-18760,"Pamela Stobb",CA-2015-143147,610.156
PS-18760,"Pamela Stobb",CA-2015-143147,610.156
PS-18760,"Pamela Stobb",CA-2015-143147,610.156
RB-19705,"Roger Barcio",CA-2017-152975,1770.19
RB-19705,"Roger Barcio",CA-2017-152975,1770.19
RB-19705,"Roger Barcio",CA-2017-152975,1770.19
HD-14785,"Harold Dahlen",CA-2014-119172,122.05199999999999
HD-14785,"Harold Dahlen",CA-2014-119172,122.05199999999999
HD-14785,"Harold Dahlen",CA-2014-119172,122.05199999999999
MZ-17515,"Mary Zewe",CA-2014-128524,2158.694
MZ-17515,"Mary Zewe",CA-2014-128524,2158.694
MZ-17515,"Mary Zewe",CA-2014-128524,2158.694
MZ-17515,"Mary Zewe",CA-2014-128524,2158.694
MZ-17515,"Mary Zewe",CA-2014-128524,2158.694
MZ-17515,"Mary Zewe",CA-2014-128524,2158.694
ME-17725,"Max Engle",CA-2017-137449,738.7052
ME-17725,"Max Engle",CA-2017-137449,738.7052
ME-17725,"Max Engle",CA-2017-137449,738.7052
ME-17725,"Max Engle",CA-2017-137449,738.7052
ME-17725,"Max Engle",CA-2017-137449,738.7052
ME-17725,"Max Engle",CA-2017-137449,738.7052
ME-17725,"Max Engle",CA-2017-137449,738.7052
TC-21295,"Toby Carlisle",CA-2014-151330,1885.27
TC-21295,"Toby Carlisle",CA-2014-151330,1885.27
TC-21295,"Toby Carlisle",CA-2014-151330,1885.27
TC-21295,"Toby Carlisle",CA-2014-151330,1885.27
TC-21295,"Toby Carlisle",CA-2014-151330,1885.27
TC-21295,"Toby Carlisle",CA-2014-151330,1885.27
TC-21295,"Toby Carlisle",CA-2014-151330,1885.27
TC-21295,"Toby Carlisle",CA-2014-151330,1885.27
JH-15985,"Joseph Holt",CA-2015-116638,4297.644
JH-15985,"Joseph Holt",CA-2015-116638,4297.644
JH-15985,"Joseph Holt",CA-2015-116638,4297.644
JH-15985,"Joseph Holt",CA-2015-116638,4297.644
JH-15985,"Joseph Holt",CA-2015-116638,4297.644
MS-17365,"Maribeth Schnelling",CA-2016-107104,3508.7940000000003
MS-17365,"Maribeth Schnelling",CA-2016-107104,3508.7940000000003
MS-17365,"Maribeth Schnelling",CA-2016-107104,3508.7940000000003
MS-17365,"Maribeth Schnelling",CA-2016-107104,3508.7940000000003
MS-17365,"Maribeth Schnelling",CA-2016-107104,3508.7940000000003
MS-17365,"Maribeth Schnelling",CA-2016-107104,3508.7940000000003
MS-17365,"Maribeth Schnelling",CA-2016-107104,3508.7940000000003
MS-17365,"Maribeth Schnelling",CA-2016-107104,3508.7940000000003
MS-17365,"Maribeth Schnelling",CA-2016-107104,3508.7940000000003
MS-17365,"Maribeth Schnelling",CA-2016-107104,3508.7940000000003
FM-14290,"Frank Merwin",CA-2016-114867,1507.938
FM-14290,"Frank Merwin",CA-2016-114867,1507.938
FM-14290,"Frank Merwin",CA-2016-114867,1507.938
FM-14290,"Frank Merwin",CA-2016-114867,1507.938
FM-14290,"Frank Merwin",CA-2016-114867,1507.938
FM-14290,"Frank Merwin",CA-2016-114867,1507.938
FM-14290,"Frank Merwin",CA-2016-114867,1507.938
FM-14290,"Frank Merwin",CA-2016-114867,1507.938
AH-10030,"Aaron Hawkins",CA-2015-130113,991.26
AH-10030,"Aaron Hawkins",CA-2015-130113,991.26
AH-10030,"Aaron Hawkins",CA-2015-130113,991.26
AH-10030,"Aaron Hawkins",CA-2015-130113,991.26
AH-10030,"Aaron Hawkins",CA-2015-130113,991.26
AH-10030,"Aaron Hawkins",CA-2015-130113,991.26
PG-18895,"Paul Gonzalez",US-2017-135986,536.36
PG-18895,"Paul Gonzalez",US-2017-135986,536.36
PG-18895,"Paul Gonzalez",US-2017-135986,536.36
PG-18895,"Paul Gonzalez",US-2017-135986,536.36
PG-18895,"Paul Gonzalez",US-2017-135986,536.36
PG-18895,"Paul Gonzalez",US-2017-135986,536.36
PG-18895,"Paul Gonzalez",US-2017-135986,536.36
PG-18895,"Paul Gonzalez",US-2017-135986,536.36
KM-16660,"Khloe Miller",CA-2017-154116,273.92600000000004
KM-16660,"Khloe Miller",CA-2017-154116,273.92600000000004
KM-16660,"Khloe Miller",CA-2017-154116,273.92600000000004
KM-16660,"Khloe Miller",CA-2017-154116,273.92600000000004
KM-16660,"Khloe Miller",CA-2017-154116,273.92600000000004
MD-17350,"Maribeth Dona",CA-2014-114251,1476.8339999999998
MD-17350,"Maribeth Dona",CA-2014-114251,1476.8339999999998
MD-17350,"Maribeth Dona",CA-2014-114251,1476.8339999999998
MD-17350,"Maribeth Dona",CA-2014-114251,1476.8339999999998
MD-17350,"Maribeth Dona",CA-2014-114251,1476.8339999999998
MD-17350,"Maribeth Dona",CA-2014-114251,1476.8339999999998
MD-17350,"Maribeth Dona",CA-2014-114251,1476.8339999999998
EB-14170,"Evan Bailliet",CA-2014-111962,817.798
EB-14170,"Evan Bailliet",CA-2014-111962,817.798
EB-14170,"Evan Bailliet",CA-2014-111962,817.798
EB-14170,"Evan Bailliet",CA-2014-111962,817.798
EB-14170,"Evan Bailliet",CA-2014-111962,817.798
EB-14170,"Evan Bailliet",CA-2014-111962,817.798
NF-18475,"Neil Französisch",US-2015-100069,269.98
NF-18475,"Neil Französisch",US-2015-100069,269.98
NF-18475,"Neil Französisch",US-2015-100069,269.98
NF-18475,"Neil Französisch",US-2015-100069,269.98
QJ-19255,"Quincy Jones",CA-2015-117086,4404.9
QJ-19255,"Quincy Jones",CA-2015-117086,4404.9
QJ-19255,"Quincy Jones",CA-2015-117086,4404.9
QJ-19255,"Quincy Jones",CA-2015-117086,4404.9
QJ-19255,"Quincy Jones",CA-2015-117086,4404.9
QJ-19255,"Quincy Jones",CA-2015-117086,4404.9
QJ-19255,"Quincy Jones",CA-2015-117086,4404.9
LC-16870,"Lena Cacioppo",CA-2017-113705,857.16
LC-16870,"Lena Cacioppo",CA-2017-113705,857.16
LC-16870,"Lena Cacioppo",CA-2017-113705,857.16
LC-16870,"Lena Cacioppo",CA-2017-113705,857.16
LC-16870,"Lena Cacioppo",CA-2017-113705,857.16
LC-16870,"Lena Cacioppo",CA-2017-113705,857.16
LC-16870,"Lena Cacioppo",CA-2017-113705,857.16
LF-17185,"Luke Foster",CA-2014-169019,2656.716
LF-17185,"Luke Foster",CA-2014-169019,2656.716
LF-17185,"Luke Foster",CA-2014-169019,2656.716
LF-17185,"Luke Foster",CA-2014-169019,2656.716
LF-17185,"Luke Foster",CA-2014-169019,2656.716
LF-17185,"Luke Foster",CA-2014-169019,2656.716
AG-10495,"Andrew Gjertsen",CA-2015-162201,937.6080000000001
AG-10495,"Andrew Gjertsen",CA-2015-162201,937.6080000000001
AG-10495,"Andrew Gjertsen",CA-2015-162201,937.6080000000001
AG-10495,"Andrew Gjertsen",CA-2015-162201,937.6080000000001
AG-10495,"Andrew Gjertsen",CA-2015-162201,937.6080000000001
AG-10495,"Andrew Gjertsen",CA-2015-162201,937.6080000000001
AG-10495,"Andrew Gjertsen",CA-2015-162201,937.6080000000001
AG-10495,"Andrew Gjertsen",CA-2015-162201,937.6080000000001
CY-12745,"Craig Yedwab",CA-2017-130302,895.944
CY-12745,"Craig Yedwab",CA-2017-130302,895.944
CY-12745,"Craig Yedwab",CA-2017-130302,895.944
CY-12745,"Craig Yedwab",CA-2017-130302,895.944
CY-12745,"Craig Yedwab",CA-2017-130302,895.944
CY-12745,"Craig Yedwab",CA-2017-130302,895.944
CY-12745,"Craig Yedwab",CA-2017-130302,895.944
CY-12745,"Craig Yedwab",CA-2017-130302,895.944
DL-12865,"Dan Lawera",US-2016-125402,1059.088
DL-12865,"Dan Lawera",US-2016-125402,1059.088
DL-12865,"Dan Lawera",US-2016-125402,1059.088
DL-12865,"Dan Lawera",US-2016-125402,1059.088
DL-12865,"Dan Lawera",US-2016-125402,1059.088
DL-12865,"Dan Lawera",US-2016-125402,1059.088
EB-13840,"Ellis Ballard",CA-2015-164301,3393.68
EB-13840,"Ellis Ballard",CA-2015-164301,3393.68
EB-13840,"Ellis Ballard",CA-2015-164301,3393.68
BE-11455,"Brad Eason",US-2017-166324,979.626
BE-11455,"Brad Eason",US-2017-166324,979.626
BE-11455,"Brad Eason",US-2017-166324,979.626
BE-11455,"Brad Eason",US-2017-166324,979.626
BE-11455,"Brad Eason",US-2017-166324,979.626
BE-11455,"Brad Eason",US-2017-166324,979.626
SH-19975,"Sally Hughsby",US-2016-115441,941.1800000000001
SH-19975,"Sally Hughsby",US-2016-115441,941.1800000000001
SH-19975,"Sally Hughsby",US-2016-115441,941.1800000000001
SH-19975,"Sally Hughsby",US-2016-115441,941.1800000000001
SH-19975,"Sally Hughsby",US-2016-115441,941.1800000000001
SH-19975,"Sally Hughsby",US-2016-115441,941.1800000000001
SH-19975,"Sally Hughsby",US-2016-115441,941.1800000000001
SH-19975,"Sally Hughsby",US-2016-115441,941.1800000000001
SH-19975,"Sally Hughsby",US-2016-115441,941.1800000000001
SH-19975,"Sally Hughsby",US-2016-115441,941.1800000000001
SH-19975,"Sally Hughsby",US-2016-115441,941.1800000000001
SC-20845,"Sung Chung",CA-2017-117646,266.52000000000004
SC-20845,"Sung Chung",CA-2017-117646,266.52000000000004
KD-16615,"Ken Dana",US-2015-129007,1336.352
KD-16615,"Ken Dana",US-2015-129007,1336.352
KD-16615,"Ken Dana",US-2015-129007,1336.352
KD-16615,"Ken Dana",US-2015-129007,1336.352
DH-13075,"Dave Hallsten",CA-2015-159534,1445.674
DH-13075,"Dave Hallsten",CA-2015-159534,1445.674
DH-13075,"Dave Hallsten",CA-2015-159534,1445.674
DH-13075,"Dave Hallsten",CA-2015-159534,1445.674
DH-13075,"Dave Hallsten",CA-2015-159534,1445.674
DH-13075,"Dave Hallsten",CA-2015-159534,1445.674
IM-15055,"Ionia McGrath",CA-2016-129630,2799.96
IM-15055,"Ionia McGrath",CA-2016-129630,2799.96
IM-15055,"Ionia McGrath",CA-2016-129630,2799.96
HW-14935,"Helen Wasserman",CA-2017-121559,4472.320000000001
HW-14935,"Helen Wasserman",CA-2017-121559,4472.320000000001
HW-14935,"Helen Wasserman",CA-2017-121559,4472.320000000001
HW-14935,"Helen Wasserman",CA-2017-121559,4472.320000000001
HW-14935,"Helen Wasserman",CA-2017-121559,4472.320000000001
HW-14935,"Helen Wasserman",CA-2017-121559,4472.320000000001
HW-14935,"Helen Wasserman",CA-2017-121559,4472.320000000001
AP-10720,"Anne Pryor",US-2016-103674,1018.302
AP-10720,"Anne Pryor",US-2016-103674,1018.302
AP-10720,"Anne Pryor",US-2016-103674,1018.302
AP-10720,"Anne Pryor",US-2016-103674,1018.302
AP-10720,"Anne Pryor",US-2016-103674,1018.302
AP-10720,"Anne Pryor",US-2016-103674,1018.302
AP-10720,"Anne Pryor",US-2016-103674,1018.302
